sku,variant_id,ean,largo,problema,sugerencia,confianza,metodo,producto,variante
VHMX00382,49836323012929,"=""87614114118""",11,largo inválido (11),"=""087614114118""",alta,agregar el 0 inicial que borró la hoja de cálculo (UPC-12),Berberina 400mg de Swanson | Apoyo del Sistema Cardiovascular y Metabólico | 60 cápsulas vegetales,60 cápsulas
VHMX00843,50923580490049,"=""91234567834""",11,largo inválido (11),"=""091234567834""",alta,agregar el 0 inicial que borró la hoja de cálculo (UPC-12),"Multivitamínico con Minerales, Aminoácidos, Hongos Adaptógenos para Hombres de Vitativa - Viggo Testo | Bienestar Masculino - Energía | Presentación de 230g en diferentes sabores",Uva
VHMX00274,50481567334721,"=""33674117507""",11,largo inválido (11),"=""033674117507""",alta,agregar el 0 inicial que borró la hoja de cálculo (UPC-12),Fem V 400mg de Nature's Way | Apoyo para el bienestar del ciclo menstrual - Promueve el bienestar general | 100 y 320 cápsulas veganas,100 cápsulas
VHMX00276,49048649433409,"=""33674108956""",11,largo inválido (11),"=""033674108956""",alta,agregar el 0 inicial que borró la hoja de cálculo (UPC-12),Aceite MCT Orgánico Coco de Nature's Way | Aumenta la Energía y la Resistencia | 480ml - 32 servicios,480ml
VHMX00277,49836318982465,"=""33674121979""",11,largo inválido (11),"=""033674121979""",alta,agregar el 0 inicial que borró la hoja de cálculo (UPC-12),"Omega-3, 500mg NutraVege de Nature's Way  | Apoyo de la función cardiovascular | 30 cápsulas blandas",30 cápsulas
VHMX00280,49836319048001,"=""33674153871""",11,largo inválido (11),"=""033674153871""",alta,agregar el 0 inicial que borró la hoja de cálculo (UPC-12),Extracto de Ashwagandha 500mg de Nature's Way  | Contribuye a reducir la ansiedad y el estrés | 60 cápsulas veganas,60 cápsulas
VHMX00281,49836319113537,"=""33674156117""",11,largo inválido (11),"=""033674156117""",alta,agregar el 0 inicial que borró la hoja de cálculo (UPC-12),Resveratrol Mezcla Premium 650mg de Nature's Way | Proporciona una potente acción antioxidante y apoya la función cardiovascular | 60 cápsulas veganas,60 cápsulas
VHMX00282,49836319179073,"=""33674177006""",11,largo inválido (11),"=""033674177006""",alta,agregar el 0 inicial que borró la hoja de cálculo (UPC-12),"Raíz de Valeriana 1590mg de Nature's Way  | Contribuye a aliviar la ansiedad y el estrés, promoviendo un sueño reparador | 100 cápsulas veganas",100 cápsulas
VHMX00283,49836319211841,"=""33674410103""",11,largo inválido (11),"=""033674410103""",alta,agregar el 0 inicial que borró la hoja de cálculo (UPC-12),Citrato de Calcio 500mg de Nature's Way  | Contribuye a fortalecer los huesos y las articulaciones | 100 cápsulas veganas,100 cápsulas
VHMX00284,49836319277377,"=""33674410417""",11,largo inválido (11),"=""033674410417""",alta,agregar el 0 inicial que borró la hoja de cálculo (UPC-12),"Gluconato de Hierro 18mg de Nature's Way  | Fortalece Sistema Inmune, contribuyendo a aumentar energía y reducir fatiga  | 100 cápsulas veganas",100 cápsulas
VHMX00286,49836319375681,"=""33674156827""",11,largo inválido (11),"=""033674156827""",alta,agregar el 0 inicial que borró la hoja de cálculo (UPC-12),Mega DHA 1.000mg Omega 3 de Nature's Way | Apoya y promueve la función cognitiva y ocular | 60 cápsulas blandas,60 cápsulas
VHMX00383,49836323111233,"=""87614023953""",11,largo inválido (11),"=""087614023953""",alta,agregar el 0 inicial que borró la hoja de cálculo (UPC-12),"Citrato de Potasio 99 mg de Swanson  | Apoya la función muscular, ayudando a prevenir calambres y mejorando el rendimiento físico | 120 cápsulas vegetales",120 cápsulas
VHMX00384,49836323144001,"=""87614019574""",11,largo inválido (11),"=""087614019574""",alta,agregar el 0 inicial que borró la hoja de cálculo (UPC-12),"Ashwagandha 450mg de Swanson | Combate el estrés y la ansiedad, promoviendo el bienestar general | 100 cápsulas vegetales",100 Cápsulas
VHMX00385,49836323209537,"=""87614018089""",11,largo inválido (11),"=""087614018089""",alta,agregar el 0 inicial que borró la hoja de cálculo (UPC-12),Complejo Triple de Magnesio 400mg de Swanson | Fortalecimiento óseo y dental - Aumenta energía y vitalidad | 120 cápsulas vegetales,100 cápsulas
VHMX00386,49836323275073,"=""87614018522""",11,largo inválido (11),"=""087614018522""",alta,agregar el 0 inicial que borró la hoja de cálculo (UPC-12),L-Arginina 500 mg de Swanson | Apoyo Cardiovascular y del Sistema Inmunológico | 100 cápsulas vegetales,100 cápsulas
VHMX00387,49836323307841,"=""87614113715""",11,largo inválido (11),"=""087614113715""",alta,agregar el 0 inicial que borró la hoja de cálculo (UPC-12),"Vitamina D3 5000 UI 125mcg de Swanson | Apoya la absorción de calcio, asegurando que el cuerpo utilice eficientemente este mineral crucial para la función ósea | 250 cápsulas blandas vegetales",250 cápsulas
VHMX00388,49836323373377,"=""87614023052""",11,largo inválido (11),"=""087614023052""",alta,agregar el 0 inicial que borró la hoja de cálculo (UPC-12),"Melatonina de Triple Potencia 10mg de Swanson |  Ayuda a regular el ciclo del sueño, favoreciendo un ritmo circadiano saludable - Promueve la longevidad | 60 cápsulas vegetales",60 cápsulas
VHMX00389,49836323406145,"=""87614110042""",11,largo inválido (11),"=""087614110042""",alta,agregar el 0 inicial que borró la hoja de cálculo (UPC-12),"Raíz de Rhodiola Rosea 400mg de Swanson | Aumenta la energía y la resistencia, ayudando a mejorar el rendimiento físico y mental | 100 cápsulas vegetales",100 cápsulas
VHMX00390,49836323471681,"=""87614010304""",11,largo inválido (11),"=""087614010304""",alta,agregar el 0 inicial que borró la hoja de cálculo (UPC-12),"Vitamina B12 500 mcg de Swanson |  Producción de energía, combatiendo la fatiga - Favorece la función cerebral, contribuyendo a una mejor concentración y memoria | 100 y 250 cápsulas vegetales",100 cápsulas
VHMX00392,49836323569985,"=""87614025186""",11,largo inválido (11),"=""087614025186""",alta,agregar el 0 inicial que borró la hoja de cálculo (UPC-12),"Ultra 5-HTP 100mg de Swanson  | Proporciona un descanso reparador, que ayuda a la relajación y buen estado de ánimo | 60 cápsulas vegetales",60 cápsulas
VHMX00393,49836323733825,"=""87614018744""",11,largo inválido (11),"=""087614018744""",alta,agregar el 0 inicial que borró la hoja de cálculo (UPC-12),"Inositol 650mg de Swanson | Promueve la función Cerebral y Cognitiva, apoyando al equilibrio emocional | 100 cápsulas vegetales",100 cápsulas
VHMX00394,49836323799361,"=""87614019093""",11,largo inválido (11),"=""087614019093""",alta,agregar el 0 inicial que borró la hoja de cálculo (UPC-12),"Saw Palmetto 540mg de Swanson | Bienestar masculino, que apoya el equilibrio hormonal | 100 y 250 cápsulas vegetales",100 cápsulas
VHMX02655,51513788498241,"=""87614019109""",11,largo inválido (11),"=""087614019109""",alta,agregar el 0 inicial que borró la hoja de cálculo (UPC-12),"Saw Palmetto 540mg de Swanson | Bienestar masculino, que apoya el equilibrio hormonal | 100 y 250 cápsulas vegetales",250 cápsulas
VHMX00396,49836323864897,"=""87614142227""",11,largo inválido (11),"=""087614142227""",alta,agregar el 0 inicial que borró la hoja de cálculo (UPC-12),"Saw Palmetto 160 mg de Swanson | Bienestar masculino, ayuda a mantener una próstata saludable | 120 cápsulas vegetales",120 cápsulas
VHMX00398,49836323930433,"=""87614018263""",11,largo inválido (11),"=""087614018263""",alta,agregar el 0 inicial que borró la hoja de cálculo (UPC-12),"L-Glutamina 500mg de Swanson | Ayuda en la recuperación muscular, aumentando los niveles de energía | 100 cápsulas vegetales",100 cápsulas
VHMX00400,49836323995969,"=""87614015262""",11,largo inválido (11),"=""087614015262""",alta,agregar el 0 inicial que borró la hoja de cálculo (UPC-12),DHEA 25mg de Swanson | Fortalecimiento Óseo y Promueve un envejecimiento saludable | 120 y 30 cápsulas vegetales,120 cápsulas
VHMX00401,49836324094273,"=""87614018775""",11,largo inválido (11),"=""087614018775""",alta,agregar el 0 inicial que borró la hoja de cálculo (UPC-12),"Biotina 5000 mcg de Swanson| Promueve el Cuidado del Cabello, Piel y Uñas | 100 cápsulas vegetales",100 cápsulas
VHMX00402,49836324127041,"=""87614011011""",11,largo inválido (11),"=""087614011011""",alta,agregar el 0 inicial que borró la hoja de cálculo (UPC-12),"Vitamina C con rosa mosqueta 500mg de Swanson |  Refuerza el sistema inmune, ayudando al cuerpo a defenderse contra enfermedades e infecciones | 100 cápsulas vegetales",100 cápsulas
VHMX00403,49836324192577,"=""87614071046""",11,largo inválido (11),"=""087614071046""",alta,agregar el 0 inicial que borró la hoja de cálculo (UPC-12),"GABA + Melatonina Esencial para dormir con Valeriana y Pasiflora de Swanson | Proporciona un descanso y sueño reparador, reduciendo el estrés | 60 cápsulas veganas",60 cápsulas
VHMX00404,49836324258113,"=""87614110967""",11,largo inválido (11),"=""087614110967""",alta,agregar el 0 inicial que borró la hoja de cálculo (UPC-12),"Hongo Melena de León 500 mg de Swanson | Promueve la función cognitiva, la concentración y la memoria | 60 cápsulas vegetales",60 cápsulas
VHMX00407,49836324421953,"=""87614026725""",11,largo inválido (11),"=""087614026725""",alta,agregar el 0 inicial que borró la hoja de cálculo (UPC-12),"Vitamina K2 100 mcg de Swanson | Esencial para la correcta coagulación sanguínea y para prevenir la calcificación arterial, ayudando a mantener las arterias saludables | 30 cápsulas vegetales",30 cápsulas
VHMX00408,49836324487489,"=""87614021300""",11,largo inválido (11),"=""087614021300""",alta,agregar el 0 inicial que borró la hoja de cálculo (UPC-12),"Mezcla de Enzimas patentadas 28mg + Pancreatina 145mg y Bioperina 5mg de Swanson | Bienestar digestivo, ayuda a reducir la hinchazón | 60 cápsulas vegetales",60 cápsulas
VHMX00410,49836324520257,"=""87614119366""",11,largo inválido (11),"=""087614119366""",alta,agregar el 0 inicial que borró la hoja de cálculo (UPC-12),Complejo de 14 Hongos Adaptógenos de Swanson | Soporte para la función del Sistema Inmunológico | 60 cápsulas veganas,60 cápsulas
VHMX00411,49836324585793,"=""87614080130""",11,largo inválido (11),"=""087614080130""",alta,agregar el 0 inicial que borró la hoja de cálculo (UPC-12),Tongkat Ali 800mg por porción Swanson | Suplemento para Energía y Salud Hormonal,120 cápsulas
VHMX00412,49836324651329,"=""87614112428""",11,largo inválido (11),"=""087614112428""",alta,agregar el 0 inicial que borró la hoja de cálculo (UPC-12),"Extracto de Ginkgo Biloba estandarizado 30mg de Swanson | Promueve el funcionamiento cognitivo, concentración y memoria | 30 cápsulas vegetales",30 cápsulas
VHMX00413,49836324684097,"=""87614010076""",11,largo inválido (11),"=""087614010076""",alta,agregar el 0 inicial que borró la hoja de cálculo (UPC-12),Betacaroteno Vitamina A 25.000 UI 7500mcg de Swanson | Contribuye a mejorar la visión y mantener una piel saludable | 100 cápsulas blandas,100 cápsulas
VHMX00414,49836324716865,"=""87614010359""",11,largo inválido (11),"=""087614010359""",alta,agregar el 0 inicial que borró la hoja de cálculo (UPC-12),"Ácido Fólico 800 mcg de Swanson |  Fortalece el sistema inmunológico, vital para la producción celular y del ADN| 250 cápsulas vegetales",250 cápsulas
VHMX00416,49836324782401,"=""87614010571""",11,largo inválido (11),"=""087614010571""",alta,agregar el 0 inicial que borró la hoja de cálculo (UPC-12),"Vitaminas del complejo B + Colina + Inositol + PABA de Swanson | Apoya un metabolismo saludable, con energía y vitalidad | 100 y 250 cápsulas vegetales",100 cápsulas
VHMX00418,49836324815169,"=""87614010557""",11,largo inválido (11),"=""087614010557""",alta,agregar el 0 inicial que borró la hoja de cálculo (UPC-12),Vitaminas del complejo B + Colina + Inositol + PABA de Swanson | Promueve un metabolismo saludable con energía y vitalidad | 100 cápsulas vegetales,100 cápsulas
VHMX00419,49836324880705,"=""87614112398""",11,largo inválido (11),"=""087614112398""",alta,agregar el 0 inicial que borró la hoja de cálculo (UPC-12),"Biotina 5000 mcg de Swanson | Promueve el cuidado del cabello, piel y uñas | 30 cápsulas vegetales",30 cápsulas
VHMX00421,49836324946241,"=""87614015026""",11,largo inválido (11),"=""087614015026""",alta,agregar el 0 inicial que borró la hoja de cálculo (UPC-12),"Melatonina 3 mg de Swanson | Contribuye a reducir el insomnio, promoviendo un descanso reparador | 120 cápsulas vegetales",120 cápsulas
VHMX00422,49836325011777,"=""87614017129""",11,largo inválido (11),"=""087614017129""",alta,agregar el 0 inicial que borró la hoja de cálculo (UPC-12),"Enzimas Digestivas 545mg de Swanson | Bienestar del Sistema Digestivo, aumentando la absorción de nutrientes  | 90 cápsulas vegetales",90 tabletas
VHMX00423,49836325044545,"=""87614018546""",11,largo inválido (11),"=""087614018546""",alta,agregar el 0 inicial que borró la hoja de cálculo (UPC-12),"NAC (N-Acetil Cisteína) 600 mg de Swanson |  Ayuda a aumentar los niveles de glutatión, un antioxidante crucial en el cuerpo, protegiendo las células del daño oxidativo | 100 cápsulas vegetales",100 cápsulas
VHMX00426,49836325175617,"=""87614190303""",11,largo inválido (11),"=""087614190303""",alta,agregar el 0 inicial que borró la hoja de cálculo (UPC-12),Epic Pro 25 Probiótico 30mil millones UFC de Swanson | Ayuda a equilibrar la flora intestinal y brinda apoyo al sistema inmunológico | 30 cápsulas vegetales,30 cápsulas
VHMX00430,49836325241153,"=""87614025346""",11,largo inválido (11),"=""087614025346""",alta,agregar el 0 inicial que borró la hoja de cálculo (UPC-12),Probiótico 7 cepas específicas 9.8 mil millones de UFC para Mujeres de Swanson | Ayuda a equilibrar la flora vaginal - Proporciona apoyo al sistema urinario | 60 cápsulas vegetales,60 cápsulas
VHMX00432,49836325273921,"=""87614110547""",11,largo inválido (11),"=""087614110547""",alta,agregar el 0 inicial que borró la hoja de cálculo (UPC-12),Vitamina C 1000 mg con Rosa Mosqueta Swanson  | Apoya el sistema inmunológico y ayuda en la absorción de hierro | 90 cápsulas vegetales,90 cápsulas
VHMX00436,49836325437761,"=""87614117133""",11,largo inválido (11),"=""087614117133""",alta,agregar el 0 inicial que borró la hoja de cálculo (UPC-12),L-Arginina 850 mg de Swanson |  Apoyo Cardiovascular y del Sistema Inmunológico que proporciona energía y resistencia | 100 cápsulas vegetales,90 cápsulas
VHMX00438,49836325503297,"=""87614018836""",11,largo inválido (11),"=""087614018836""",alta,agregar el 0 inicial que borró la hoja de cálculo (UPC-12),"MSM, Extracto de cola de caballo y Colina | Soporte para Cabello, Piel y Uñas, Aporta nutrientes esenciales | 60 Tabletas vegetales",60 tabletas
VHMX00433,49836325339457,"=""87614022833""",11,largo inválido (11),"=""087614022833""",alta,agregar el 0 inicial que borró la hoja de cálculo (UPC-12),Resveratrol 100 mg de Swanson | Apoyo cardiovascular y proporciona potentes beneficios antioxidantes | 30 cápsulas vegetales,30 cápsulas
VHMX00435,49836325404993,"=""87614115443""",11,largo inválido (11),"=""087614115443""",alta,agregar el 0 inicial que borró la hoja de cálculo (UPC-12),"GABA 250 mg de Swanson | Soporte para la relajación, sueño y descanso | 60 cápsulas vegetales",60 cápsulas
VHMX00439,49836325568833,"=""87614040363""",11,largo inválido (11),"=""087614040363""",alta,agregar el 0 inicial que borró la hoja de cálculo (UPC-12),Vinagre de Sidra de Manzana 200mg de Swanson | Formulado para apoyar la detoxificación del cuerpo | 120 tabletas vegetales,120 tabletas
VHMX00440,49836325601601,"=""87614142890""",11,largo inválido (11),"=""087614142890""",alta,agregar el 0 inicial que borró la hoja de cálculo (UPC-12),Garcinia Cambogia 250 mg de Swanson |  Contribuye a mejorar el metabolismo | 120 cápsulas vegetales,120 cápsulas
VHMX00441,49836325699905,"=""87614080048""",11,largo inválido (11),"=""087614080048""",alta,agregar el 0 inicial que borró la hoja de cálculo (UPC-12),Complejo Supremo de DHEA con Zinc y plantas de Swanson | Apoyo en la Vitalidad Sexual | 45 cápsulas vegetales,45 tabletas
VHMX00444,49836325863745,"=""87614117072""",11,largo inválido (11),"=""087614117072""",alta,agregar el 0 inicial que borró la hoja de cálculo (UPC-12),Cardo Mariano 700mg + Diente de León 250mg de Swanson | Proporciona Bienestar Digestivo y Desintoxicación | 120 cápsulas vegetales,120 cápsulas
VHMX00451,49836326191425,"=""87614110073""",11,largo inválido (11),"=""087614110073""",alta,agregar el 0 inicial que borró la hoja de cálculo (UPC-12),Semilla de Uva Espectro Completo 380mg de Swanson | Potente antioxidante para protección celular | 100 cápsulas vegetales,100 cápsulas
VHMX00447,49836325962049,"=""87614110950""",11,largo inválido (11),"=""087614110950""",alta,agregar el 0 inicial que borró la hoja de cálculo (UPC-12),"Complejo Adaptogénico a base de Ashwagandha, Rhodiola y Ginseng de Swanson | Manejo del Estrés, aumentando energía y vitalidad | 60 Cápsulas vegetales",60 cápsulas
VHMX00453,49836326355265,"=""87614111216""",11,largo inválido (11),"=""087614111216""",alta,agregar el 0 inicial que borró la hoja de cálculo (UPC-12),L-Metionina 100% pura 500 mg de Swanson | Soporte antioxidante para el organismo y detoxificación | 30 cápsulas vegetales,30 cápsulas
VHMX00456,49836326453569,"=""87614116136""",11,largo inválido (11),"=""087614116136""",alta,agregar el 0 inicial que borró la hoja de cálculo (UPC-12),Cúrcuma y Pimienta Negra 605mg de Swanson | Apoyo cardiovascular y función de las articulaciones | 60 cápsulas veganas,60 cápsulas
VHMX00460,49836326682945,"=""87614018027""",11,largo inválido (11),"=""087614018027""",alta,agregar el 0 inicial que borró la hoja de cálculo (UPC-12),Cáscara Premium de Psyllium 610mg de Swanson | Bienestar Digestivo - Favorece la regularidad intestinal | 100 cápsulas vegetales,100 cápsulas
VHMX00448,49836326027585,"=""87614019222""",11,largo inválido (11),"=""087614019222""",alta,agregar el 0 inicial que borró la hoja de cálculo (UPC-12),Picolinato de Cromo 200 mcg de Swanson | Apoya la función metabólica | 100 y 200 cápsulas vegetales,100 cápsulas
VHMX00455,50486541222209,"=""87614019239""",11,largo inválido (11),"=""087614019239""",alta,agregar el 0 inicial que borró la hoja de cálculo (UPC-12),Picolinato de Cromo 200 mcg de Swanson | Apoya la función metabólica | 100 y 200 cápsulas vegetales,200 Cápsulas
VHMX00461,49836326748481,"=""87614019406""",11,largo inválido (11),"=""087614019406""",alta,agregar el 0 inicial que borró la hoja de cálculo (UPC-12),Cúrcuma Amplio Espectro 720 mg de Swanson | Propiedades antiinflamatorias y antioxidante | 100 cápsulas vegetales,100 cápsulas
VHMX00446,49836325929281,"=""87614019666""",11,largo inválido (11),"=""087614019666""",alta,agregar el 0 inicial que borró la hoja de cálculo (UPC-12),"Cardo Mariano 500 mg de Swanson | Propiedades hepatoprotectoras, ayudando a proteger el hígado contra el daño oxidativo y mejorar su función | 100 cápsulas vegetales",100 cápsulas
VHMX00449,49836326125889,"=""87614020679""",11,largo inválido (11),"=""087614020679""",alta,agregar el 0 inicial que borró la hoja de cálculo (UPC-12),Complejo de Selenio Albion 200 mcg de Swanson | Favorece la función metabólica y promueve una potente acción antioxidante | 90 cápsulas vegetales,90 cápsulas
VHMX00452,49836326289729,"=""87614110738""",11,largo inválido (11),"=""087614110738""",alta,agregar el 0 inicial que borró la hoja de cálculo (UPC-12),"Complejo B Super Estrés con Vitamina C de Swanson | Promueve la función metabólica, aumentando los niveles de Energía | 240 cápsulas vegetales",240 cápsulas
VHMX00454,49836326388033,"=""87614112114""",11,largo inválido (11),"=""087614112114""",alta,agregar el 0 inicial que borró la hoja de cálculo (UPC-12),Vitamina D3 400 UI de Swanson | Favorece la absorción de calcio en el cuerpo | 250 cápsulas,250 cápsulas
VHMX00457,49836326519105,"=""87614117546""",11,largo inválido (11),"=""087614117546""",alta,agregar el 0 inicial que borró la hoja de cálculo (UPC-12),"Citrato de Magnesio en Polvo 630 mg de Swanson | Promueve la relajación muscular, y ayuda en la absorción de calcio | 244g sin sabor",244 g
VHMX00459,49836326650177,"=""87614013930""",11,largo inválido (11),"=""087614013930""",alta,agregar el 0 inicial que borró la hoja de cálculo (UPC-12),Aceite de Ajo Concentrado 1mg de Swanson | Soporte cardiovascular - Contribuye a reforzar el sistema inmunológico | 250 cápsulas blandas,250 cápsulas
VHMX00462,49836326814017,"=""87614071015""",11,largo inválido (11),"=""087614071015""",alta,agregar el 0 inicial que borró la hoja de cálculo (UPC-12),"Extracto de Fruta de Arándano, Vitamina B12, Ácido Pantoténico, L-Metionina - Kidney Essentials de Swanson | Aporta antioxidantes para protección celular | 60 Cápsulas Veganas",60 cápsulas
VHMX00463,49836326879553,"=""87614040653""",11,largo inválido (11),"=""087614040653""",alta,agregar el 0 inicial que borró la hoja de cálculo (UPC-12),Extracto de Frijol Blanco 500mg de Swanson | Complemento ideal para hábitos saludables | 180 cápsulas vegetales,180 cápsulas
VHMX00467,49836327240001,"=""87614020860""",11,largo inválido (11),"=""087614020860""",alta,agregar el 0 inicial que borró la hoja de cálculo (UPC-12),"Ultra Selenio 200 mcg de Swanson |  Protección antioxidante, fortalece el sistema inmunológico y ayuda a regular la función tiroidea | 60 cápsulas vegetales",60 cápsulas
VHMX00466,49836326945089,"=""87614080116""",11,largo inválido (11),"=""087614080116""",alta,agregar el 0 inicial que borró la hoja de cálculo (UPC-12),Maca 500 mg de Swanson |  Ayuda a mejorar el estado de ánimo y el enfoque | 60 cápsulas vegetales,60 cápsulas
VHMX00469,49836327338305,"=""87614021904""",11,largo inválido (11),"=""087614021904""",alta,agregar el 0 inicial que borró la hoja de cálculo (UPC-12),"Ácido Alfa Lipoico 300mg de Swanson | Apoyo de la función metabólica, ayudando a regular los niveles de azúcar en sangre y promoviendo la desintoxicación del organismo | 120 cápsulas vegetales",120 cápsulas
VHMX00470,49836327403841,"=""87614025308""",11,largo inválido (11),"=""087614025308""",alta,agregar el 0 inicial que borró la hoja de cálculo (UPC-12),Resveratrol 250 mg de Swanson | Apoyo cardiovascular y potente antioxidante | 30 cápsulas vegetales,30 cápsulas
VHMX00287,49836319441217,"=""33674004135""",11,largo inválido (11),"=""033674004135""",alta,agregar el 0 inicial que borró la hoja de cálculo (UPC-12),Equinácea + Astrágalo + Reishi 1200mg de Nature's Way  | Contribuye a reforzar el sistema inmunológico - Propiedades antioxidantes | 100 cápsulas veganas,100 cápsulas
VHMX00288,49836319506753,"=""33674102558""",11,largo inválido (11),"=""033674102558""",alta,agregar el 0 inicial que borró la hoja de cálculo (UPC-12),Vitamina D3 y Calcio Alive! Gomas de Fruta con Mezcla de Vegetales Orchard 100mg | Soporte Óseo e Inmunológico | 60 Gominolas,60 gomitas
VHMX00289,49836319539521,"=""33674102930""",11,largo inválido (11),"=""033674102930""",alta,agregar el 0 inicial que borró la hoja de cálculo (UPC-12),"Probiótico Fortify + Prebióticos para mujeres mayores de 50 años, 30 mil millones CFU de Nature's Way con 10 cepas | 30 cápsulas de liberación retardada",30 cápsulas
VHMX00290,49836319605057,"=""33674102954""",11,largo inválido (11),"=""033674102954""",alta,agregar el 0 inicial que borró la hoja de cálculo (UPC-12),"Probiótico + prebióticos para mujeres, 30 mil millones de cultivos vivos, 10 cepas de Nature's Way | Apoyo para el Bienestar Digestivo | 30 cápsulas de liberación retardada",30 cápsulas
VHMX00291,49836319670593,"=""33674113004""",11,largo inválido (11),"=""033674113004""",alta,agregar el 0 inicial que borró la hoja de cálculo (UPC-12),Cascara Sagrada 270mg de Nature's Way  para el Bienestar Digestivo y la Detoxificación | 100 cápsulas veganas,100 cápsulas
VHMX00292,49836319703361,"=""33674178706""",11,largo inválido (11),"=""033674178706""",alta,agregar el 0 inicial que borró la hoja de cálculo (UPC-12),Raíz de Ñame silvestre 850mg de Nature's Way  | Equilibrio hormonal femenino | 100 cápsulas veganas,100 cápsulas
VHMX00293,49836319768897,"=""33674404614""",11,largo inválido (11),"=""033674404614""",alta,agregar el 0 inicial que borró la hoja de cálculo (UPC-12),Inositol 500 mg de Nature's Way  | Contribuye a aliviar el estrés y la ansiedad | 100 cápsulas veganas,100 cápsulas
VHMX00294,49836319867201,"=""33674410714""",11,largo inválido (11),"=""033674410714""",alta,agregar el 0 inicial que borró la hoja de cálculo (UPC-12),Potasio 99mg de Nature's Way  | Apoyo Cardiovascular y Metabólico | 100 cápsulas veganas,100 cápsulas
VHMX00295,49836319932737,"=""33674413111""",11,largo inválido (11),"=""033674413111""",alta,agregar el 0 inicial que borró la hoja de cálculo (UPC-12),Complejo de Calcio y Magnesio 750mg de Nature's Way  | Contribuye en la función Ósea y Muscular | 250 cápsulas veganas,250 cápsulas
VHMX00296,49836320031041,"=""33674644003""",11,largo inválido (11),"=""033674644003""",alta,agregar el 0 inicial que borró la hoja de cálculo (UPC-12),Extracto de Boswellia Premium 307mg de Nature's Way  | Fortalecimiento de las articulaciones | 60 cápsulas veganas,60 cápsulas
VHMX00298,49836320096577,"=""33674172001""",11,largo inválido (11),"=""033674172001""",alta,agregar el 0 inicial que borró la hoja de cálculo (UPC-12),Micro Alga Espirulina 760mg de Nature's Way  | Apoyo del Sistema Inmunológico | 100 cápsulas veganas,100 cápsulas
VHMX00299,49836320162113,"=""33674009000""",11,largo inválido (11),"=""033674009000""",alta,agregar el 0 inicial que borró la hoja de cálculo (UPC-12),"Mezcla de Aloe Vera, 340g de Nature's Way para el Bienestar Digestivo | 100 cápsulas veganas",100 cápsulas
VHMX00304,49836320391489,"=""33674101803""",11,largo inválido (11),"=""033674101803""",alta,agregar el 0 inicial que borró la hoja de cálculo (UPC-12),Raíz de Astrágalo 1410mg de  Nature's Way | Contribuye a fortalecer el sistema inmunológico | 100 cápsulas veganas,100 cápsulas
VHMX00305,49836320424257,"=""33674104002""",11,largo inválido (11),"=""033674104002""",alta,agregar el 0 inicial que borró la hoja de cálculo (UPC-12),Raíz de Remolacha 1000mg de Nature's Way  | Apoyo Cardiovascular y Promueve la circulación sanguínea | 100 cápsulas veganas,100 cápsulas
VHMX00307,49836320489793,"=""33674115367""",11,largo inválido (11),"=""033674115367""",alta,agregar el 0 inicial que borró la hoja de cálculo (UPC-12),Complejo de Vitaminas B - Multivitamínico en Gomitas para Mujeres |  Energía y Apoyo para el Metabolismo y Cabello | 130 Gomitas de Nature's Way,130 gomitas
VHMX00308,49836320555329,"=""33674115374""",11,largo inválido (11),"=""033674115374""",alta,agregar el 0 inicial que borró la hoja de cálculo (UPC-12),"Vitaminas B, Multivitamínico para Mujeres 50+ | Energía y Fortalecimiento Óseo | 130 Gomitas de  Alive! Nature's Way",130 gomitas
VHMX00309,49836320620865,"=""33674135006""",11,largo inválido (11),"=""033674135006""",alta,agregar el 0 inicial que borró la hoja de cálculo (UPC-12),Raíz de Eleuthero Siberiano 1275mg de Nature's Way  | Contribuye a reducir la ansiedad y estrés | 100 cápsulas veganas,100 cápsulas
VHMX00310,49836320719169,"=""33674136607""",11,largo inválido (11),"=""033674136607""",alta,agregar el 0 inicial que borró la hoja de cálculo (UPC-12),Multivitamínico Completo para Hombres con Extractos de Frutas y Verduras 100mg - Alive! Nature's Way | Fortalecimiento del sistema inmunológico | 50 tabletas veganas,50 cápsulas
VHMX00311,49836320817473,"=""33674136638""",11,largo inválido (11),"=""033674136638""",alta,agregar el 0 inicial que borró la hoja de cálculo (UPC-12),"Multivitamínico completo para mujeres 100mg de Alive! Nature's Way, 100% de vitaminas y minerales | Fortalece el sistema inmunológico | 50 tabletas veganas",50 cápsulas
VHMX00312,49836320850241,"=""33674138823""",11,largo inválido (11),"=""033674138823""",alta,agregar el 0 inicial que borró la hoja de cálculo (UPC-12),"Colina 55mg y Fosfatidilserina 25mg, Brain Builder de Nature's Way | Apoya la memoria y el aprendizaje | 60 gomitas sabor a limonada",60 gomitas
VHMX00313,49836320915777,"=""33674145500""",11,largo inválido (11),"=""033674145500""",alta,agregar el 0 inicial que borró la hoja de cálculo (UPC-12),"Raíz de Kudzu 1226mg de Nature's Way  | Apoya el equilibrio hormonal femenino, aliviando los síntomas de la menopausia | 50 cápsulas veganas",50 cápsulas
VHMX00314,49836320981313,"=""33674146507""",11,largo inválido (11),"=""033674146507""",alta,agregar el 0 inicial que borró la hoja de cálculo (UPC-12),"Hoja de bálsamo de limón Melissa 1500mg de Nature's Way | Promueve la mejora del sueño y el descanso, relajando cuerpo y mente | 100 cápsulas veganas",100 cápsulas
VHMX00315,49836321046849,"=""33674148105""",11,largo inválido (11),"=""033674148105""",alta,agregar el 0 inicial que borró la hoja de cálculo (UPC-12),DIM-plus 100mg de  Nature's Way  | Promueve el equilibrio hormonal y la desintoxicación del cuerpo | 60 cápsulas veganas,60 cápsulas
VHMX00318,49836321374529,"=""33674153611""",11,largo inválido (11),"=""033674153611""",alta,agregar el 0 inicial que borró la hoja de cálculo (UPC-12),Fruta de Arándano 930mg de Nature's Way  | Ayuda a prevenir infecciones del tracto urinario  | 180 cápsulas veganas,180 cápsulas
VHMX00319,49836321472833,"=""33674404621""",11,largo inválido (11),"=""033674404621""",alta,agregar el 0 inicial que borró la hoja de cálculo (UPC-12),Colina + Inositol 1.000mg de Nature's Way  | Contribuye a favorecer la memoria y el aprendizaje | 100 cápsulas veganas,100 cápsulas
VHMX00320,49836321571137,"=""33674410516""",11,largo inválido (11),"=""033674410516""",alta,agregar el 0 inicial que borró la hoja de cálculo (UPC-12),Complejo de Magnesio 500mg de Nature's Way  | Contribuye a mejorar la función muscular | 100 cápsulas veganas,100 cápsulas
VHMX00322,49836321603905,"=""33674793206""",11,largo inválido (11),"=""033674793206""",alta,agregar el 0 inicial que borró la hoja de cálculo (UPC-12),Mezcla Premium de hierbas con Arándano 1260mg de Nature's Way  | Promueve la función del tracto urinario | 100 cápsulas veganas,100 cápsulas
VHMX00324,49836321734977,"=""33674001103""",11,largo inválido (11),"=""033674001103""",alta,agregar el 0 inicial que borró la hoja de cálculo (UPC-12),Mezcla Premium de Hierbas Tradicionales para el Riñón y la Vejiga 900mg de Nature's Way |  Favorece el correcto funcionamiento de los riñones | 100 Cápsulas Veganas,100 cápsulas
VHMX00326,49836321767745,"=""33674411018""",11,largo inválido (11),"=""033674411018""",alta,agregar el 0 inicial que borró la hoja de cálculo (UPC-12),Complejo de Boro 3mg de Nature's Way  | Contribuye a fortalecer los huesos | 100 cápsulas veganas,100 cápsulas
VHMX00327,49836321833281,"=""33674451816""",11,largo inválido (11),"=""033674451816""",alta,agregar el 0 inicial que borró la hoja de cálculo (UPC-12),Ácido Alfa Lipoico 600mg de Nature's Way  para la función Metabólica del organismo | 60 cápsulas veganas,60 cápsulas
VHMX00329,49836321898817,"=""33674154939""",11,largo inválido (11),"=""033674154939""",alta,agregar el 0 inicial que borró la hoja de cálculo (UPC-12),Extracto de Albahaca Sagrada de 450mg | Nature's Way - Apoyo al Estrés | 60 cápsulas veganas,60 cápsulas
VHMX01028,49836352504129,"=""91234567896""",11,largo inválido (11),"=""091234567896""",alta,agregar el 0 inicial que borró la hoja de cálculo (UPC-12),D3 10.000 UI + K2 300mg de Gou Medical | Apoya la función cardiovascular saludable y fortalece los huesos | 60 cápsulas vegetales,60 cápsulas
VHMX01304,49836366463297,"=""7 503032 222288""",15,tiene caracteres no numéricos,"=""7503032222288""",alta,quitar espacios o guiones,Glucosamina + Colágeno hidrolizado + Cloruro de Magnesio 1000mg por porción Joint in three de Tibet Natura | Apoyo de la función muscular y de las articulaciones | 100 cápsulas vegetales,100 cápsulas
VHMX01317,49836367348033,"=""7 503032 222653""",15,tiene caracteres no numéricos,"=""7503032222653""",alta,quitar espacios o guiones,"Péptidos Bioactivos de Colágeno Hidrolizado con vitaminas y minerales 10g de Tibet Natura | Fortalece las articulaciones, reduciendo el dolor y la inflamación | Polvo de 1kg sin azúcar y sin gluten",1 kg
VHMX01313,49836366922049,"=""7 503032 222745""",15,tiene caracteres no numéricos,"=""7503032222745""",alta,quitar espacios o guiones,Shilajit 500mg de Tibet Natura | Promueve la función sexual y ayuda a aumentar la energía y vitalidad | 60 cápsulas vegetales,60 cápsulas
VHMX01326,49836367675713,"=""7 503032 222905""",15,tiene caracteres no numéricos,"=""7503032222905""",alta,quitar espacios o guiones,"Alga spirulina, L-Carnitina, Ácido alfa lipoico - Clorofila Plus - Flow Supplement | Apoyo para el bienestar digestivo, Desintoxicación - Antioxidante en líquido 500 ml",500 ml
VHMX01354,49836369215809,"=""7 503032 222011""",15,tiene caracteres no numéricos,"=""7503032222011""",alta,quitar espacios o guiones,"Plata Coloidal de Flow | Bienestar general, higiene bucal | Liquido 500 ml",500 ml
VHMX00442,49836325732673,"=""87614020358""",11,largo inválido (11),"=""087614020358""",alta,agregar el 0 inicial que borró la hoja de cálculo (UPC-12),Coenzima Q10 200mg de Swanson | Apoyo Cardiovascular y Antioxidante | 90 cápsulas vegetales,90 cápsulas
VHMX00317,49836321145153,"=""33674153505""",11,largo inválido (11),"=""033674153505""",alta,agregar el 0 inicial que borró la hoja de cálculo (UPC-12),Raíz de Ñame Silvestre 850mg de Nature's Way  | Apoya el equilibrio hormonal femenino | 180 cápsulas veganas,180 cápsulas
VHMX00424,49836325110081,"=""87614190129""",11,largo inválido (11),"=""087614190129""",alta,agregar el 0 inicial que borró la hoja de cálculo (UPC-12),Saccharomyces Boulardii Probiótico de Swanson | Equilibra la flora intestinal saludable y previene el malestar digestivo | 30 cápsulas vegetales,30 cápsulas
VHMX00443,49836325798209,"=""87614026718""",11,largo inválido (11),"=""087614026718""",alta,agregar el 0 inicial que borró la hoja de cálculo (UPC-12),"Vitamina K2 50 mcg de Swanson | Esencial para la correcta coagulación sanguínea y para prevenir la calcificación arterial, ayudando a mantener las arterias saludables | 30 cápsulas blandas vegetales",30 cápsulas
VHMX00458,49836326584641,"=""87614022611""",11,largo inválido (11),"=""087614022611""",alta,agregar el 0 inicial que borró la hoja de cálculo (UPC-12),DHEA 50mg de Swanson | Fortalecimiento Óseo y Promueve un envejecimieto saludable | 120 cápsulas vegetales,120 cápsulas
VHMX00406,49836324356417,"=""87614111131""",11,largo inválido (11),"=""087614111131""",alta,agregar el 0 inicial que borró la hoja de cálculo (UPC-12),"Picolinato de Zinc 22mg de Swanson | Ayuda a la cicatrización de la piel, promoviendo el metabolismo celular | 60 cápsulas vegetales",60 cápsulas
VHMX01523,49836380127553,"=""21245998105""",11,largo inválido (11),"=""021245998105""",alta,agregar el 0 inicial que borró la hoja de cálculo (UPC-12),"L-Arginina 1000mg de KAL | Apoya la circulación de flujo sanguíneo, la función cardiovascular y el desempeño deportivo | 60 Tabletas",60 Tabletas
VHMX01524,49836380193089,"=""21245147893""",11,largo inválido (11),"=""021245147893""",alta,agregar el 0 inicial que borró la hoja de cálculo (UPC-12),Glicinato de Magnesio de KAL | Apoyo Cognitivo y Muscular | 160 Cápsulas Veganas,160 cápsulas
VHMX01547,49836382191937,"=""76280969146""",11,largo inválido (11),"=""076280969146""",alta,agregar el 0 inicial que borró la hoja de cálculo (UPC-12),Glicinato de Magnesio 350mg de Solaray | Apoyo Muscular y Relajación | 120 Cápsulas Veganas,120 cápsulas
VHMX01529,49836380619073,"=""21245363514""",11,largo inválido (11),"=""021245363514""",alta,agregar el 0 inicial que borró la hoja de cálculo (UPC-12),"Ultra Omega 3-6-9 Borraja, Pescado y Linaza de KAL con Vitamina E | Sistema cardiovascular, colesterol, triglicéridos y función arterial | 50 cápsulas blandas",50 cápsulas
VHMX01519,49836379767105,"=""21245164869""",11,largo inválido (11),"=""021245164869""",alta,agregar el 0 inicial que borró la hoja de cálculo (UPC-12),"Vitaminas del Complejo B con Calcio, Colina e Inositol de KAL | Apoyo Energético | 60 Tabletas",60 tabletas
VHMX01539,49589960343873,"=""76280477054""",11,largo inválido (11),"=""076280477054""",alta,agregar el 0 inicial que borró la hoja de cálculo (UPC-12),"Berberina 500mg de Solaray | Control del azúcar en sangre, Control del peso, Equilibrio del colesterol, Potente antioxidante | 60 Cápsulas veganas",60 cápsulas
VHMX01550,49836382519617,"=""76280647143""",11,largo inválido (11),"=""076280647143""",alta,agregar el 0 inicial que borró la hoja de cálculo (UPC-12),"Raíz de Jengibre GINGER 550mg de Solaray | Apoyo digestivo, propiedades antiinflamatorias, apoyo al sistema inmunitario | 60 cápsulas veganas",60 cápsulas
VHMX01531,49836380979521,"=""21245740780""",11,largo inválido (11),"=""021245740780""",alta,agregar el 0 inicial que borró la hoja de cálculo (UPC-12),"Vitamina C 300mg con Rosa Mosqueta de KAL | Sistema inmunológico, Antioxidante, Apoya el bienestar de la piel y la producción de colágeno | 100 Cápsulas veganas",100 cápsulas
VHMX01525,49836380258625,"=""21245306863""",11,largo inválido (11),"=""021245306863""",alta,agregar el 0 inicial que borró la hoja de cálculo (UPC-12),"Metil Folato 400 mcg DFE de KAL | Función cardiovascular y cognitiva, Bienestar mental, Apoyo en el embarazo, Desarrollo fetal | 90 Tabletas",90 tabletas
VHMX01520,49836379963713,"=""21245982258""",11,largo inválido (11),"=""021245982258""",alta,agregar el 0 inicial que borró la hoja de cálculo (UPC-12),"Citrato de Calcio 1000mg de KAL con Hoja de Berro, Diente de León y Extracto de Perejil | Apoyo Óseo | 120 Cápsulas Vegetales",120 cápsulas
VHMX01521,49836380029249,"=""21245857198""",11,largo inválido (11),"=""021245857198""",alta,agregar el 0 inicial que borró la hoja de cálculo (UPC-12),"CMZ Max Calcio, Magnesio y Zinc de KAL | Apoyo Óseo y Muscular | 100 Cápsulas Vegetales",100 cápsulas
VHMX01528,49836380553537,"=""21245262312""",11,largo inválido (11),"=""021245262312""",alta,agregar el 0 inicial que borró la hoja de cálculo (UPC-12),Papaya Zyme de KAL Enzimas Digestivas | Proporciona enzimas naturales para una digestión más cómoda y eficiente | 100 Tabletas masticables,100 tabletas masticables
VHMX01532,49836381110593,"=""21245589167""",11,largo inválido (11),"=""021245589167""",alta,agregar el 0 inicial que borró la hoja de cálculo (UPC-12),"Z Max Quelato de Aminoácido de Zinc de KAL | Sistema inmunológico, Bienestar de la piel, Equilibrio hormonal, Antioxidante | 100 tabletas",100 tabletas
VHMX01538,49836381602113,"=""76280413557""",11,largo inválido (11),"=""076280413557""",alta,agregar el 0 inicial que borró la hoja de cálculo (UPC-12),"Spirulina / Espirulina (Alga Entera Orgánica) 410 mg de Solaray | Funcionamiento cerebro-vascular, Mejora del sistema inmunológico | 60 cápsulas veganas",60 cápsulas
VHMX01544,49836382028097,"=""76280043587""",11,largo inválido (11),"=""076280043587""",alta,agregar el 0 inicial que borró la hoja de cálculo (UPC-12),"Inositol 500mg de Solaray | Regulación de la ansiedad, Bienestar hormonal, Función cognitiva, Promueve la calma | 100 cápsulas veganas",100 cápsulas
VHMX01551,49836382585153,"=""76280046762""",11,largo inválido (11),"=""076280046762""",alta,agregar el 0 inicial que borró la hoja de cálculo (UPC-12),"Selenio 100 mcg de L-Selenometionina Libre de Levadura de Solaray | Antioxidante, Función Tiroidea, Refuerza el Sistema Inmunológico | 90 cápsulas veganas",90 cápsulas
VHMX01697,49836390809921,"=""83000017001""",11,largo inválido (11),"=""083000017001""",alta,agregar el 0 inicial que borró la hoja de cálculo (UPC-12),Té verde + Cafeína + Vitaminas del Complejo B de Nature's Answer | Shot energético diseñado para potenciar la energía de manera natural | Bebida de 60ml Sabor Bayas Mixtas,60ml
VHMX01700,49836390842689,"=""83000005800""",11,largo inválido (11),"=""083000005800""",alta,agregar el 0 inicial que borró la hoja de cálculo (UPC-12),Extracto líquido de nuez 2ml por porción de Nature's Answer | Apoyo de la función digestiva e Inmunológica | 30ml - 15 servicios,30ml
VHMX01701,49836390875457,"=""83000006456""",11,largo inválido (11),"=""083000006456""",alta,agregar el 0 inicial que borró la hoja de cálculo (UPC-12),Cardo Mariano 2000mg por porción de Nature's Answer | Propiedades antioxidantes y apoyo a la función hepática - Detoxificación del organismo | Gotero de 30 y 60ml - 15 servicios,30ml
VHMX01702,49836390908225,"=""83000006166""",11,largo inválido (11),"=""083000006166""",alta,agregar el 0 inicial que borró la hoja de cálculo (UPC-12),Extracto líquido de Raíz de Jengibre 1000mg de Nature's Answer | Contribuye al equilibrio intestinal | Gotero de 30ml,30ml
VHMX01703,49836391104833,"=""83000164491""",11,largo inválido (11),"=""083000164491""",alta,agregar el 0 inicial que borró la hoja de cálculo (UPC-12),Raíz de Ñame Silvestre (Wild Yam) 220mg por porción de Nature's Answer | Apoyo para el bienestar femenino - Efecto calmante en malestares menopáusicos | 60 cápsulas veganas,60 cápsulas
VHMX01704,49836391137601,"=""83000164255""",11,largo inválido (11),"=""083000164255""",alta,agregar el 0 inicial que borró la hoja de cálculo (UPC-12),Hongo Reishi 1000mg por porción de Nature's Answer | Fortalece el Sistema Inmunológico - Antioxidante Natural | 60 cápsulas veganas,60 cápsulas
VHMX01705,49836391268673,"=""83000006586""",11,largo inválido (11),"=""083000006586""",alta,agregar el 0 inicial que borró la hoja de cálculo (UPC-12),Extracto fluido de trébol rojo 2000mg por porción de Nature's Answer |  Apoyo a la menopausia | Gotero de 30ml,30ml
VHMX01706,49836391334209,"=""83000006500""",11,largo inválido (11),"=""083000006500""",alta,agregar el 0 inicial que borró la hoja de cálculo (UPC-12),"Extracto de Ortiga 2000mg por porción de Nature's Answer |  Antioxidante Natural, favorece eliminación de toxinas | Gotero de 30ml",30ml
VHMX01707,49836396151105,"=""83000003042""",11,largo inválido (11),"=""083000003042""",alta,agregar el 0 inicial que borró la hoja de cálculo (UPC-12),Aceite de Ajo 2000mg de Nature's Answer | Favorece el sistema cardiovascular | Gotero de 30ml,30ml
VHMX01708,49836391366977,"=""83000003431""",11,largo inválido (11),"=""083000003431""",alta,agregar el 0 inicial que borró la hoja de cálculo (UPC-12),"Extracto de Espino 2,000 mg por porción de Nature’s Answer | Apoyo del Sistema Cardiovascular y reduce la tensión nerviosa y la fatiga | Gotero de 30ml",30ml
VHMX01710,49836391432513,"=""83000161667""",11,largo inválido (11),"=""083000161667""",alta,agregar el 0 inicial que borró la hoja de cálculo (UPC-12),"Extracto de Raíz de Diente de León 1260mg por porción de Nature's Answer | Apoya la función hepática y desintoxicante, Reforzando el Bienestar General | 90 cápsulas veganas",90 cápsulas
VHMX01709,49836391399745,"=""83000163548""",11,largo inválido (11),"=""083000163548""",alta,agregar el 0 inicial que borró la hoja de cálculo (UPC-12),VTEX (V. Agnus Castus) 40mg por porción de Nature's Answer | Formula diseñada para apoyar el equilibrio hormonal femenino | 90 cápsulas veganas,90 cápsulas
VHMX01711,49836391498049,"=""83000006487""",11,largo inválido (11),"=""083000006487""",alta,agregar el 0 inicial que borró la hoja de cálculo (UPC-12),Extracto de hoja de Gordolobo 2000mg por porción de Nature's Answer | Promueve una función respiratoria saludable | Gotero de 30ml,30ml
VHMX01712,49836391530817,"=""83000006371""",11,largo inválido (11),"=""083000006371""",alta,agregar el 0 inicial que borró la hoja de cálculo (UPC-12),"Cola de Caballo 2000mg de Nature's Answer | Fortalecimiento del Cabello, la Piel y las Uñas - Aporta antioxidantes naturales | Gotero de 30ml",30ml
VHMX01714,49836391727425,"=""83000006548""",11,largo inválido (11),"=""083000006548""",alta,agregar el 0 inicial que borró la hoja de cálculo (UPC-12),"Extracto Liquido de Passiflora 2000mg por porción de Nature's Answer | Propiedades calmantes naturales, que ayudan a promover la relajación y el bienestar | Gotero de 30ml",30ml
VHMX01715,49836391760193,"=""83000006807""",11,largo inválido (11),"=""083000006807""",alta,agregar el 0 inicial que borró la hoja de cálculo (UPC-12),Raíz de Valeriana 1000mg de Nature's Answer  | Promueve la relajación y mejora la calidad del sueño - Apoyo en momentos de estrés | Gotero de 30ml y 60ml,30ml
VHMX01716,49836391792961,"=""83000005749""",11,largo inválido (11),"=""083000005749""",alta,agregar el 0 inicial que borró la hoja de cálculo (UPC-12),Raíz de Astrágalo 2000mg de  Nature's Answer |  Refuerza las defensas y apoya el cuerpo en momentos de fatiga | Gotero de 30ml,30ml
VHMX01717,49836391825729,"=""83000006043""",11,largo inválido (11),"=""083000006043""",alta,agregar el 0 inicial que borró la hoja de cálculo (UPC-12),Extracto de Raíz de Diente de León 2000mg por porción de Nature's Answer | Bienestar General | Gotero de 30ml,30ml
VHMX01718,49836391858497,"=""83000006128""",11,largo inválido (11),"=""083000006128""",alta,agregar el 0 inicial que borró la hoja de cálculo (UPC-12),Equinácea Purpurea de 1000mg de Nature's Answer | Fortalece el Sistema Inmunológico - Combate infecciones respiratorias comunes | Gotero de 30ml,30ml
VHMX01720,49836392120641,"=""83000006692""",11,largo inválido (11),"=""083000006692""",alta,agregar el 0 inicial que borró la hoja de cálculo (UPC-12),Extracto de Sarsaparrilla 2000mg de Nature's Answer | Ayuda en el mantenimiento de niveles saludables de energía y el bienestar digestivo | Gotero de 30ml,30ml
VHMX01721,49836392153409,"=""83000006708""",11,largo inválido (11),"=""083000006708""",alta,agregar el 0 inicial que borró la hoja de cálculo (UPC-12),"Baya de Schisandra 2000mg de Nature's Answer |  Mejora la respuesta al estrés, apoya la energía y vitalidad  | Gotero de 30ml",30ml
VHMX01722,49836392350017,"=""83000005848""",11,largo inválido (11),"=""083000005848""",alta,agregar el 0 inicial que borró la hoja de cálculo (UPC-12),"Extracto de raíz de Bardana 2000mg de Nature's Answer | Apoya procesos de desintoxicación, estimula el sistema inmunológico | Gotero de 30ml",30ml
VHMX01733,49836392874305,"=""83000006531""",11,largo inválido (11),"=""083000006531""",alta,agregar el 0 inicial que borró la hoja de cálculo (UPC-12),Extracto de Hoja de Olivo Estandarizado 1500mg de Nature's Answer | Contribuye al bienestar general diario - Actúa como Antioxidante | Gotero de 60ml,60ml
VHMX01732,49836392841537,"=""83000261732""",11,largo inválido (11),"=""083000261732""",alta,agregar el 0 inicial que borró la hoja de cálculo (UPC-12),Glicinato y Malato de Magnesio 200mg de Nature's Answer | Favorece la función muscular de todo el organismo y contribuye al metabolismo energético | Líquido de 480ml Sabor Mandarina,480 ml
VHMX01731,49836392808769,"=""83000262555""",11,largo inválido (11),"=""083000262555""",alta,agregar el 0 inicial que borró la hoja de cálculo (UPC-12),"Mezcla natural de ingredientes herbales 500mg de Nature's Answer | Apoyo Respiratorio, ayuda a disolver y despejar mucosidad | Spray de 60ml",60 ml
VHMX01730,49836392546625,"=""83000163081""",11,largo inválido (11),"=""083000163081""",alta,agregar el 0 inicial que borró la hoja de cálculo (UPC-12),Aceite de Orégano 150mg de Nature's Answer | Apoyo al bienestar  Intestinal e Inmunológico | 90 cápsulas blandas,90 Cápsulas
VHMX01726,49836392513857,"=""83000263750""",11,largo inválido (11),"=""083000263750""",alta,agregar el 0 inicial que borró la hoja de cálculo (UPC-12),"Extracto de Arándano, Ácido Caprílico, Uva Ursi 1955mg de Nature's Answer | Promueve la función del tracto urinario, previniendo las molestias urinarias recurrentes | 90 Cápsulas Vegetarianas",90 Cápsulas
VHMX01725,49836392481089,"=""83000006579""",11,largo inválido (11),"=""083000006579""",alta,agregar el 0 inicial que borró la hoja de cálculo (UPC-12),Extracto de Resina de Propóleo 1000mg de Nature's Answer | Apoyo al Sistema Inmunológico - Protegiendo al organismo de infecciones | Gotero 30ml,30 ml
VHMX01724,49836392448321,"=""83000163463""",11,largo inválido (11),"=""083000163463""",alta,agregar el 0 inicial que borró la hoja de cálculo (UPC-12),Raíz de Valeriana 1500mg de Nature's Answer | Promueve un sueño profundo y reparador que contribuye a la relajación | 90 Cápsulas Vegetales,90 Cápsulas
VHMX01723,49836392415553,"=""83000006401""",11,largo inválido (11),"=""083000006401""",alta,agregar el 0 inicial que borró la hoja de cálculo (UPC-12),Extracto Líquido de Raíz de Regaliz 525 mg - 1500mg por porción de Nature's Answer | Apoyo para el Bienestar Digestivo - Sin Alcohol | Gotero de 30 ml,30 ml
VHMX01727,49834107633985,"=""83000006517""",11,largo inválido (11),"=""083000006517""",alta,agregar el 0 inicial que borró la hoja de cálculo (UPC-12),Aceite de Orégano 13mg de Nature's Answer | Apoyo para el bienestar Intestinal e Inmunológico del Organismo | Gotero de 30ml,30ml
VHMX01728,49833923150145,"=""83000002502""",11,largo inválido (11),"=""083000002502""",alta,agregar el 0 inicial que borró la hoja de cálculo (UPC-12),"Extracto de Raíz de Diente de León 1350mg por porción de Nature's Answer | Apoya la función hepática y desintoxicante, Reforzando el Bienestar General | Gotero de 60ml",60ml
VHMX00278,49833958768961,"=""33674123003""",11,largo inválido (11),"=""033674123003""",alta,agregar el 0 inicial que borró la hoja de cálculo (UPC-12),Raíz de Diente de León 1575 por servicio de Nature's Way | Apoyo de la función urinaria - Aporta antioxidantes naturales | 100 cápsulas veganas,100 cápsulas
VHMX02411,50750615486785,"=""‎ 0810104622141""",15,tiene caracteres no numéricos,"=""0810104622141""",alta,quitar espacios o guiones,"Extracto Líquido Orgánico Uña del diablo, uña de gato, jengibre y regaliz | Articulaciones y movilidad | 30 ml",30 ml
VHMX02654,51483077312833,"=""87614019208""",11,largo inválido (11),"=""087614019208""",alta,agregar el 0 inicial que borró la hoja de cálculo (UPC-12),"Complejo B Super Estrés con Vitamina C de Swanson | Promueve la función metabólica, aumentando los niveles de Energía | 100 cápsulas vegetales",100 cápsulas
VHMX02726,51830337732929,"=""7 501468 148721""",15,tiene caracteres no numéricos,"=""7501468148721""",alta,quitar espacios o guiones,Proteína Vegana con Probióticos Habits | Digestión y Recuperación | Polvos 488 gr,488 gr / Vanilla
VHMX02727,51830337765697,"=""7 501468 148745""",15,tiene caracteres no numéricos,"=""7501468148745""",alta,quitar espacios o guiones,Proteína Vegana con Probióticos Habits | Digestión y Recuperación | Polvos 488 gr,488 gr / Natural
VHMX02728,51830337798465,"=""7 501468 148738""",15,tiene caracteres no numéricos,"=""7501468148738""",alta,quitar espacios o guiones,Proteína Vegana con Probióticos Habits | Digestión y Recuperación | Polvos 488 gr,488 gr / Cacao
VHMX02729,51830337831233,"=""7 501468 149780""",15,tiene caracteres no numéricos,"=""7501468149780""",alta,quitar espacios o guiones,Proteína Vegana con Probióticos Habits | Digestión y Recuperación | Polvos 488 gr,488 gr / Maca Cacao
VHMX02730,51830337864001,"=""7 501468 149797""",15,tiene caracteres no numéricos,"=""7501468149797""",alta,quitar espacios o guiones,Proteína Vegana con Probióticos Habits | Digestión y Recuperación | Polvos 488 gr,488 gr / Matcha vainilla
VHMX02731,51830337896769,"=""7 501468 151615""",15,tiene caracteres no numéricos,"=""7501468151615""",alta,quitar espacios o guiones,Proteína Vegana con Probióticos Habits | Digestión y Recuperación | Polvos 488 gr,488 gr / Macchiato
VHMX02079,50640912154945,"=""254908""",6,largo inválido (6),"=""000000254908""",dudosa,relleno de ceros: cuadra el dígito pero puede ser casualidad; verificar contra el empaque,"Aceite de orégano 35ml de Natsa | Aporta propiedades antimicrobianas y antifúngicas, inmune  | Gotas 35ml",35 ml
VHMX02064,50657821688129,"=""2543550""",7,largo inválido (7),"=""000002543550""",dudosa,relleno de ceros: cuadra el dígito pero puede ser casualidad; verificar contra el empaque,Melatonina 5 mg NATSA | Favorece la conciliación del sueño de forma natural | 100 cápsulas,100 cápsulas
VHMX02074,50664459895105,"=""2542546""",7,largo inválido (7),"=""000002542546""",dudosa,relleno de ceros: cuadra el dígito pero puede ser casualidad; verificar contra el empaque,Vitamina D3  5000 IU Natsa | Contribuye al mantenimiento de huesos fuertes | 300 cápsulas blandas,300 cápsulas
VHMX02070,51984916676929,"=""2542546""",7,largo inválido (7),"=""000002542546""",dudosa,relleno de ceros: cuadra el dígito pero puede ser casualidad; verificar contra el empaque,Vitamina D3  5000 IU Natsa | Contribuye al mantenimiento de huesos fuertes | 300 cápsulas blandas,100 softgels
VHMX02073,50664462647617,"=""2542201""",7,largo inválido (7),"=""000002542201""",dudosa,relleno de ceros: cuadra el dígito pero puede ser casualidad; verificar contra el empaque,Zinc 20 mg Natsa | Contribuye al funcionamiento del sistema inmune | 100 tabletas,100 cápsulas
VHMX00923,49836348277057,"=""750303490305""",12,dígito verificador no cuadra,,,verificar contra el empaque,Probióticos + Prebióticos 20 Billones WOMAN CRANBERRY Bioflora | Apoya la función urinaria y previene infecciones | 60 cápsulas,60 cápsulas
VHMX00832,49030893633857,"=""91234567852""",11,largo inválido (11),,,verificar contra el empaque,"Multivitamínico con Magnesio, Probióticos, Colágeno de Vitativa - Elemental | Apoyo Inmunológico + Energía | Presentación de 200 g en diferentes sabores",Uva
VHMX00831,49963935334721,"=""91234567814""",11,largo inválido (11),,,verificar contra el empaque,"Multivitamínico con Magnesio, Probióticos, Colágeno de Vitativa - Elemental | Apoyo Inmunológico + Energía | Presentación de 200 g en diferentes sabores",Fresa - limon
VHMX00833,49976275173697,"=""91234567815""",11,largo inválido (11),,,verificar contra el empaque,"Multivitamínico con Magnesio, Probióticos, Colágeno de Vitativa - Elemental | Apoyo Inmunológico + Energía | Presentación de 200 g en diferentes sabores",Naranja y Mandarina
VHMX00839,49031179764033,"=""91234567830""",11,largo inválido (11),,,verificar contra el empaque,"Citrato de Magnesio y Potasio, Multivitamínico con Aminoácidos de Vitativa - Vulcano Metabolic | Diseñado para contribuir en las deficiencias nutricionales | Presentación de 300g con diferentes sabores",Fresa
VHMX00840,50923580588353,"=""91234567831""",11,largo inválido (11),,,verificar contra el empaque,"Citrato de Magnesio y Potasio, Multivitamínico con Aminoácidos de Vitativa - Vulcano Metabolic | Diseñado para contribuir en las deficiencias nutricionales | Presentación de 300g con diferentes sabores",Uva
VHMX00841,50923580621121,"=""91234567832""",11,largo inválido (11),,,verificar contra el empaque,"Citrato de Magnesio y Potasio, Multivitamínico con Aminoácidos de Vitativa - Vulcano Metabolic | Diseñado para contribuir en las deficiencias nutricionales | Presentación de 300g con diferentes sabores",Naranja
VHMX00842,49031329972545,"=""91234567833""",11,largo inválido (11),,,verificar contra el empaque,"Multivitamínico con Minerales, Aminoácidos, Hongos Adaptógenos para Hombres de Vitativa - Viggo Testo | Bienestar Masculino - Energía | Presentación de 230g en diferentes sabores",Fresa
VHMX00844,50923580522817,"=""91234567835""",11,largo inválido (11),,,verificar contra el empaque,"Multivitamínico con Minerales, Aminoácidos, Hongos Adaptógenos para Hombres de Vitativa - Viggo Testo | Bienestar Masculino - Energía | Presentación de 230g en diferentes sabores",Naranja
VHMX00047,49836306071873,"=""73339048219""",11,largo inválido (11),,,verificar contra el empaque,Extracto de Ashwagandha de Now Foods | Apoya el manejo del estrés ocasional | 59 ml,59ml
,50747449213249,,0,vacío,,,cargar el EAN del empaque,Aceite de Ajo Concentrado 1mg de Swanson | Soporte cardiovascular - Contribuye a reforzar el sistema inmunológico | 250 cápsulas blandas,500 Cápsulas
VHMX01023,49836352143681,"=""91234567890""",11,largo inválido (11),,,verificar contra el empaque,"DHEA 25 mg, GOU Medical 300 mg | Apoya el equilibrio hormonal en hombres y mujeres | 60 cápsulas",60 cápsulas
VHMX01025,49836352307521,"=""91234567893""",11,largo inválido (11),,,verificar contra el empaque,"Apoyo tiroideo, Thyroid Max Support | GOU Medical | 90 cápsulas de 490 mg",90 cápsulas
VHMX01026,49836352373057,"=""91234567894""",11,largo inválido (11),,,verificar contra el empaque,"Magnesio bisglicinato, malato y taurato, Tri-Magnesium Ultra, GOU Medical | Contribuye al equilibrio del sistema nervioso |  60 cápsulas",60 cápsulas
VHMX01027,49836352438593,"=""91234567895""",11,largo inválido (11),,,verificar contra el empaque,Berberina: Sinergia de glucosa 580mg de Gou Medical | Ofrece apoyo metabólico para una mejor absorción de la glucosa y los lípidos | 60 cápsulas vegetales,60 cápsulas
VHMX01029,49836352569665,"=""91234567897""",11,largo inválido (11),,,verificar contra el empaque,Sauzgatillo - Fem V 400mg de Gou Medical  | Bienestar femenino | 90 cápsulas vegetales,60 cápsulas
VHMX01030,49836352602433,"=""91234567898""",11,largo inválido (11),,,verificar contra el empaque,L-Glutamina 5mg por porción de Gou Medical | Aminoácido que interviene en la composición de las proteínas que mantienen a las células en buen estado y reparan los tejidos | 300g sin sabor,300g
VHMX02761,52082344952129,,0,vacío,,,cargar el EAN del empaque,Extracto de Ashwagandha Commons | Reduce el estrés físico y mental | Polvos de 90 y 45g,120 cápsulas
VHMX01032,49836352766273,"=""X002YYFCSL""",10,tiene caracteres no numéricos,,,no es un EAN (parece código de Amazon/interno); cargar el del empaque,Citrato de Magnesio | B-Life | Fortalecimiento Óseo | 240 cápsulas,240 cápsulas
VHMX01033,49836352799041,"=""X002JACDHX""",10,tiene caracteres no numéricos,,,no es un EAN (parece código de Amazon/interno); cargar el del empaque,Omega 3 Aceite Puro de Salmón 1000 mg | B-Life | Apoyo Cardiovascular | 180 cápsulas,180 cápsulas
VHMX01034,49836352864577,"=""X0036EGDN1""",10,tiene caracteres no numéricos,,,no es un EAN (parece código de Amazon/interno); cargar el del empaque,Myo & D-Chiro Inositol Platinum B Life Ratio 40:1 | Balance Femenino | 240 cápsulas,240 cápsulas
VHMX01035,49836352962881,"=""X002N48K2R""",10,tiene caracteres no numéricos,,,no es un EAN (parece código de Amazon/interno); cargar el del empaque,Glicinato de Magnesio | B-Life | Fortalecimiento Muscular | 180 cápsulas,240 cápsulas
VHMX01036,49836353093953,"=""X002N5D4XL""",10,tiene caracteres no numéricos,,,no es un EAN (parece código de Amazon/interno); cargar el del empaque,"B-Life | Resveratrol |Apoyo Antioxidante, Longevidad | 180 cápsulas",180 cápsulas
VHMX01037,49836353159489,"=""X002KLDYJR""",10,tiene caracteres no numéricos,,,no es un EAN (parece código de Amazon/interno); cargar el del empaque,Aceite de Coco + Vitaminas D3 y K2 | B-Life | Apoyo Cardiovascular | 300 cápsulas,300 cápsulas
VHMX01038,49836353257793,"=""X002LJYWFN""",10,tiene caracteres no numéricos,,,no es un EAN (parece código de Amazon/interno); cargar el del empaque,"3 Mag Blend | B-Life | Citrato, Óxido y Gluconato de Magnesio | Fortalecimiento Muscular | 200 cápsulas",200 cápsulas
VHMX01039,49836353290561,"=""X0033P8DQN""",10,tiene caracteres no numéricos,,,no es un EAN (parece código de Amazon/interno); cargar el del empaque,Mens T Platinum | B-Life | Fórmula para Hombres con Creatina y Acido aspártico | 240 cápsulas,240 cápsulas
VHMX01041,49836353421633,"=""X002N4CIG1""",10,tiene caracteres no numéricos,,,no es un EAN (parece código de Amazon/interno); cargar el del empaque,Icelandic Krill Oil | B-Life | Aceite de Krill EPA y DHA | Apoyo Cardiovascular | 150 cápsulas,150 cápsulas
VHMX01359,49836369510721,"=""7503034737531""",13,dígito verificador no cuadra,,,verificar contra el empaque,"Calostro de Bovino & L-Glutamina 870mg BioIgG de Bioptimizado | Rico en anticuerpos y factores de crecimiento, fortalece el sistema inmunitario y promueve la reparación celular | 100 cápsulas vegetales",100 cápsulas
VHMX01365,49836369838401,"=""503040607008""",12,dígito verificador no cuadra,,,verificar contra el empaque,"NAC (N Acetil Cisteína) + L-Glicina 970mg Glynac de Bioptimizado |  Apoya la desintoxicación del hígado, fortalece el sistema inmunitario | 90 cápsulas vegetales",90 cápsulas
VHMX01376,49836370690369,"=""750140602005""",12,dígito verificador no cuadra,,,verificar contra el empaque,Berberina 500mg de Nutrasana | Apoya la función cardiovascular al mantener niveles saludables de colesterol y triglicéridos | 60 Tabletas Vegetales,60 tabletas
VHMX01417,49836374196545,"=""X0035KI4Z1""",10,tiene caracteres no numéricos,,,no es un EAN (parece código de Amazon/interno); cargar el del empaque,Womens Mult Matur3 | B-Life | Multivitamínico para Mujeres +40 | 180 cápsulas,180 cápsulas
VHMX01418,49836374262081,"=""X0036ECHIL""",10,tiene caracteres no numéricos,,,no es un EAN (parece código de Amazon/interno); cargar el del empaque,Berberina Pure | B-Life | Bienestar Digestivo y Metabólico | 180 cápsulas,180 cápsulas
VHMX01419,49836374294849,"=""X0037P70Y5""",10,tiene caracteres no numéricos,,,no es un EAN (parece código de Amazon/interno); cargar el del empaque,Probióticos 80 Billones Platinum | B-Life | Bienestar Digestivo | 120 cápsulas,120 cápsulas
VHMX01420,49840754393409,"=""X003T8BU4L""",10,tiene caracteres no numéricos,,,no es un EAN (parece código de Amazon/interno); cargar el del empaque,200 Billion Probiotics B Life Probióticos DRCaps | Salud Digestiva | 120 cápsulas,120 cápsulas
VHMX01421,49836374556993,"=""X003T6C7OF""",10,tiene caracteres no numéricos,,,no es un EAN (parece código de Amazon/interno); cargar el del empaque,"3 Mag Platinum | B-Life | Citrato, Glicinato y Treonato de Magnesio | Función Muscular | 240 cápsulas",240 cápsulas
VHMX01422,49836374622529,"=""X002N4CGA9""",10,tiene caracteres no numéricos,,,no es un EAN (parece código de Amazon/interno); cargar el del empaque,Enzym Blend | Enzimas Digestivas | Bienestar Digestivo | 180 cápsulas,180 cápsulas
VHMX01423,49836374688065,"=""X0035NDV8N""",10,tiene caracteres no numéricos,,,no es un EAN (parece código de Amazon/interno); cargar el del empaque,"Mezcla de Colágeno + Ácido Hialurónico | B-Life | Fortalece Piel, Cabello y Uñas | 180 cápsulas",180 cápsulas
VHMX01425,49836374819137,"=""X0034X0EOX""",10,tiene caracteres no numéricos,,,no es un EAN (parece código de Amazon/interno); cargar el del empaque,Citrato de Potasio de B Life | Fortalecimiento Muscular | 240 cápsulas,240 cápsulas
VHMX01426,49836374851905,"=""X002S942UB""",10,tiene caracteres no numéricos,,,no es un EAN (parece código de Amazon/interno); cargar el del empaque,Myo Inositol | B-Life | Fortalece la Salud Hormonal y Metabólica | 180 cápsulas,180 cápsulas
VHMX01427,49836374917441,"=""X0035M5CIV""",10,tiene caracteres no numéricos,,,no es un EAN (parece código de Amazon/interno); cargar el del empaque,Mens Mult Matur3 B Life Multivitamínico | Nutrición Masculina | 180 cápsulas,180 cápsulas
VHMX01428,49836374982977,"=""X002WACSR5""",10,tiene caracteres no numéricos,,,no es un EAN (parece código de Amazon/interno); cargar el del empaque,Omega 3 6 9 B Life Aceite de Pescado y Linaza | Perfil Lipídico | 180 cápsulas,180 cápsulas
VHMX01429,49836375015745,"=""X002FPYSGV""",10,tiene caracteres no numéricos,,,no es un EAN (parece código de Amazon/interno); cargar el del empaque,Joint Blend B Life Glucosamina Condroitina MSM | Soporte Articular | 200 cápsulas,200 cápsulas
VHMX01430,49836375245121,"=""X0030D4OTD""",10,tiene caracteres no numéricos,,,no es un EAN (parece código de Amazon/interno); cargar el del empaque,Night Blend B Life Triptófano GABA Teanina | Descanso Nocturno | 180 cápsulas,180 cápsulas
VHMX01431,49836375310657,"=""X002FPYS5H""",10,tiene caracteres no numéricos,,,no es un EAN (parece código de Amazon/interno); cargar el del empaque,C Blend Vitamina C | B-Life | Fortalece Sistema Inmune | 240 cápsulas,240 cápsulas
VHMX01432,49836375376193,"=""X0036BGL9F""",10,tiene caracteres no numéricos,,,no es un EAN (parece código de Amazon/interno); cargar el del empaque,Ácido Alfa Lipoico B Life | Apoyo Antioxidante | 180 cápsulas,180 cápsulas
VHMX01433,49836375441729,"=""X002NI5ODL""",10,tiene caracteres no numéricos,,,no es un EAN (parece código de Amazon/interno); cargar el del empaque,Collagen Blend B Life Colágeno e Hialurónico | Cuidado de Piel | 180 cápsulas,180 cápsulas
VHMX01434,49836375605569,"=""X0033GKQAX""",10,tiene caracteres no numéricos,,,no es un EAN (parece código de Amazon/interno); cargar el del empaque,Mushroom Blend B Life Mezcla de 9 Hongos Adaptógenos | 180 cápsulas,180 cápsulas
VHMX01435,49836375671105,"=""X002KJVW2P""",10,tiene caracteres no numéricos,,,no es un EAN (parece código de Amazon/interno); cargar el del empaque,Mens Blend B Life Multivitamínico Masculino y Creatina | 180 cápsulas,180 cápsulas
VHMX01436,49836375736641,"=""X002FQ9XX1""",10,tiene caracteres no numéricos,,,no es un EAN (parece código de Amazon/interno); cargar el del empaque,Apple Cider Vinegar B Life Vinagre de Manzana | Digestión | 180 cápsulas,180 cápsulas
VHMX01437,49836375802177,"=""X002LJZV7L""",10,tiene caracteres no numéricos,,,no es un EAN (parece código de Amazon/interno); cargar el del empaque,Z Blend B Life Zinc Colágeno e Hidrolizado y Vitamina C | 200 cápsulas,200 cápsulas
VHMX01438,49836376064321,"=""X002LJVKUX""",10,tiene caracteres no numéricos,,,no es un EAN (parece código de Amazon/interno); cargar el del empaque,Collagen Bio B Life Colágeno Hidrolizado Biotina y Vitaminas | 200 cápsulas,200 cápsulas
VHMX01439,49836376162625,"=""X002JXO6JX""",10,tiene caracteres no numéricos,,,no es un EAN (parece código de Amazon/interno); cargar el del empaque,Turmeric + Ginger B Life Cúrcuma Jengibre Aceite de Coco y Pimienta | 180 cápsulas,180 cápsulas
VHMX01440,49836376228161,"=""X002LK67RD""",10,tiene caracteres no numéricos,,,no es un EAN (parece código de Amazon/interno); cargar el del empaque,Womens Zen B Life Maca Isoflavonas y Cohosh Negro | Balance Femenino | 150 cápsulas,150 cápsulas
VHMX01441,49836376293697,"=""X002L4RQLZ""",10,tiene caracteres no numéricos,,,no es un EAN (parece código de Amazon/interno); cargar el del empaque,B Yeast Blend B Life Levadura de Cerveza y Complejo B | 180 cápsulas,180 cápsulas
VHMX01512,49181870752065,"=""19593009459/195893676767a""",25,tiene caracteres no numéricos,,,verificar contra el empaque,COMBO Test Genético Nutrición + Test Genético Skin Care + Envío + Sesión de interpretación de resultados,Sin programa nutricional
VHMX01513,49836378915137,"=""19593009459/195893676767b""",25,tiene caracteres no numéricos,,,verificar contra el empaque,COMBO Test Genético Nutrición + Test Genético Skin Care + Envío + Sesión de interpretación de resultados,Con programa nutricional 3 meses
VHMX01514,49836378947905,"=""19593009459/195893676767c""",25,tiene caracteres no numéricos,,,verificar contra el empaque,COMBO Test Genético Nutrición + Test Genético Skin Care + Envío + Sesión de interpretación de resultados,Con programa nutricional 6 meses
VHMX01788,49836395462977,"=""X0044L5L2T""",10,tiene caracteres no numéricos,,,no es un EAN (parece código de Amazon/interno); cargar el del empaque,NMN Blend B Life Resveratrol Vitamina C | Longevidad | 180 cápsulas,180 cápsulas
VHMX01789,49836395495745,"=""X003RCDPPL""",10,tiene caracteres no numéricos,,,no es un EAN (parece código de Amazon/interno); cargar el del empaque,NADH Blend B Life Colágeno y Magnesio | Energía Celular | 180 cápsulas,180 cápsulas
VHMX01790,49836395692353,"=""X0039134EH""",10,tiene caracteres no numéricos,,,no es un EAN (parece código de Amazon/interno); cargar el del empaque,"Omega 3 Platinum, B Life, EPA 500 mg + DHA 200 mg, 180 cápsulas",180 cápsulas
VHMX01791,49836395725121,"=""X002IV0WN5""",10,tiene caracteres no numéricos,,,no es un EAN (parece código de Amazon/interno); cargar el del empaque,Cardo Mariano + Diente de León 550mg Mlk Thistle Blend de B-Life | 180 Cápsulas,180 cápsulas
VHMX01792,49836395757889,"=""X0035HR3F1""",10,tiene caracteres no numéricos,,,no es un EAN (parece código de Amazon/interno); cargar el del empaque,Co Q-10 Blend B Life Cúrcuma y Coenzima Q10 | Antioxidante | 180 cápsulas,180 cápsulas
VHMX01793,49836395823425,"=""X003T71BZF""",10,tiene caracteres no numéricos,,,no es un EAN (parece código de Amazon/interno); cargar el del empaque,Threonate Mag B Life Treonato Magnesio y Melena de León | 180 cápsulas,180 cápsulas
VHMX01794,49836395856193,"=""x003q7wd0z""",10,tiene caracteres no numéricos,,,no es un EAN (parece código de Amazon/interno); cargar el del empaque,Citrate Mag B Life Citrato de Magnesio y Colágeno | Polvo 600g,600g
VHMX01795,49836395888961,"=""X0037P75R7""",10,tiene caracteres no numéricos,,,no es un EAN (parece código de Amazon/interno); cargar el del empaque,Fórmula a base de L-Tirosina y L-Teanina Clarity Platinum de B-Life | 240 cápsulas,240 cápsulas
VHMX01796,49836395921729,"=""X0035HTLTR""",10,tiene caracteres no numéricos,,,no es un EAN (parece código de Amazon/interno); cargar el del empaque,Glutathione Blend B Life Glutatión Reducido | Antioxidante | 180 cápsulas,180 cápsulas
VHMX01797,49836395954497,"=""X0034SJEFD""",10,tiene caracteres no numéricos,,,no es un EAN (parece código de Amazon/interno); cargar el del empaque,N-Acetyl Cysteine B Life NAC 1000 mg | Antioxidante | 180 cápsulas,180 cápsulas
VHMX01842,50366941987137,"=""75018538042249""",14,dígito verificador no cuadra,,,verificar contra el empaque,Golden Mushroom de Natural Health | Café Soluble con Adaptógenos y Hongos Funcionales | Polvos 300 gr,300 gr
VHMX02534,50985817309505,"=""81166202325""",11,largo inválido (11),,,verificar contra el empaque,Mutant Whey Protein | Proteína Concentrada | Apoya el crecimiento muscular | 2.27 kg,2.27 kg / Cookies and Cream
VHMX02435,50747502920001,"=""70501635343""",11,largo inválido (11),,,verificar contra el empaque,ISO100 Dymatize | Whey Protein | Aislado de proteína de suero para recuperación Muscular | 2.3 kg,2.3 kg / Fruity
VHMX02119,50923323687233,,0,vacío,,,cargar el EAN del empaque,Total Beauty de Matter | Proteína con probióticos y ácido hialurónico | 700 g,700 gr / Choco-Cacahuate
VHMX02039,50588361556289,,0,vacío,,,cargar el EAN del empaque,"YIELPI-1 de Matter| Berberina GlucoVantage®, Picolinato de Cromo, Extracto de Mora y Pimienta Negra | 30 Cápsulas",30 Cápsulas
VHMX02040,50588660990273,,0,vacío,,,cargar el EAN del empaque,Magno-N Mora de Matter | L-Treonato de Magnesio Magtein™ & GABA | 180 gr,180 gr
VHMX02091,50605899841857,"=""75003038787170""",14,dígito verificador no cuadra,,,verificar contra el empaque,Beauty Blend de Lalun | Extractos orgánicos de hongos funcionales | 60 Cápsulas,60 Cápsulas
VHMX02057,50657567277377,"=""7471559853104""",13,dígito verificador no cuadra,,,verificar contra el empaque,"Glicinato de Magnesio 500 mg NATSA,  | Apoya la función muscular y neuromuscular | 100 cápsulas",100 cápsulas
VHMX02059,50657650606401,"=""7461559854926""",13,dígito verificador no cuadra,,,verificar contra el empaque,Hoja de Guanábana 400 mg NATSA | Ideal para rutinas de desintoxicación y equilibrio | 100 cápsulas,100 cápsulas
VHMX02115,50662885753153,,0,vacío,,,cargar el EAN del empaque,Ashwagandha optimizada + Magnesio | Kit Duerme Bien de Briah,60 Cápsulas cada Frasco
VHMX02147,50730744348993,"=""a 0634240216527""",15,tiene caracteres no numéricos,,,no es un EAN (parece código de Amazon/interno); cargar el del empaque,GüdZen Probióticos de GüdGut | Conexción Intestino Cerebro| 30 Cápsulas veganas,60 Cápsulas
VHMX02407,50750613619009,"=""#N/A""",4,tiene caracteres no numéricos,,,no es un EAN (parece código de Amazon/interno); cargar el del empaque,Astrágalo Orgánico en Gotas de MaryRuth’s | Sistema inmune y energía | 30 ml,30 ml
VHMX02413,50750615322945,"=""VHMX02412""",9,tiene caracteres no numéricos,,,no es un EAN (parece código de Amazon/interno); cargar el del empaque,"Jengibre, hinojo, toronjil y manzanilla de MaryRuth’s| Relajación nocturna | 120 ml",120 ml
VHMX02362,50750615617857,,0,vacío,,,cargar el EAN del empaque,Combinado para el crecimiento del cabello de MaryRuth’s| Crecimiento capilar y cuidado de piel | 450 ml,450 ml
VHMX02409,50750615847233,,0,vacío,,,cargar el EAN del empaque,Multimineral nocturno niños de MaryRuth’s | Sueño y Descanso | 450 ml,450 ml
VHMX02406,50750615880001,,0,vacío,,,cargar el EAN del empaque,Gomitas para menopausia de MaryRuth’s| Contribuye al equilibrio del estado de ánimo | 60 Gomitas,60 gomitas
VHMX02493,50861546701121,"=""7503034963910""",13,dígito verificador no cuadra,,,verificar contra el empaque,"Colágeno Grass-Fed Vital-PRO de Nutrasana | Apoya el aspecto de la piel, cabello y uñas | Polvo 300 g",300 gr
VHMX02539,51040832684353,,0,vacío,,,cargar el EAN del empaque,Magnesio glicinato CellX TRAACS 230 mg | Favorece la relajación natural del cuerpo | 120 cápsulas,120 Cápsulas
VHMX02544,51062309749057,,0,vacío,,,cargar el EAN del empaque,Plan Descanso Total | Por la Lic. Paulina Servin,60 cápsulas / 60 Cápsulas
VHMX02658,51513907773761,,0,vacío,,,cargar el EAN del empaque,EpigenTest NutriADN análisis epigenético bienestar,1 Kit
VHMX02657,51521402339649,,0,vacío,,,cargar el EAN del empaque,SensiTest+ NutriADN prueba digestiva intolerancias,1 Kit
VHMX02659,51525168988481,,0,vacío,,,cargar el EAN del empaque,GutBiome Test NutriADN microbiota digestiva avanzada,1 Kit
VHMX02656,51525200838977,,0,vacío,,,cargar el EAN del empaque,Prueba genética nutriADN Avanzada NutriADN bienestar,1 Kit
VHMX02777,52198691504449,,0,vacío,,,cargar el EAN del empaque,Prenat Core CellX Femme Multivitamínico Prenatal Metilfolato y Minerales Quelados | 90 cápsulas,90 cápsulas