product_id,handle,title,vendor,status,tags,current_product_type,current_category,suggested_product_type,suggested_category_id,suggested_category_name,rule,confidence,needs_review
9604288577857,zinc-hierbas-naturales-primera-defensa-para-ninos-de-child-life-apoyo-inmunologico-fuerte-y-equilibrado-liquido-de-118-ml,Zinc + Hierbas Naturales - Primera Defensa para Niños de Child Life | Apoyo Inmunológico - Fuerte y Equilibrado | Líquido de 118 ml,Vitaminate,ACTIVE,0 a 3 Años | Child Life | combinados-de-hierbas | descuento-10 | Hierbas | Indiferente | Niños | Salud infantil | Sin azúcar | Sin gluten | Sin lactosa | Suplementos herbales | Vegano | Vegetariano,,Uncategorized,Zinc,gid://shopify/TaxonomyCategory/hb-1-9-6-6-5,Zinc,mineral-ZINC,alta,no
9615649669441,zinc-plus-liquido-suplemento-dietario-sistema-inmunologico,"Zinc Plus Líquido de ChildLife | Favorece el crecimiento y desarrollo infantil, sistema inmune | 118 ml",Vitaminate,ACTIVE,descuento-10 | duracion 50 | Indiferente | Minerales | Sistema inmunitario,Suplemento dietario,Health & Beauty > Health Care > Fitness & Nutrition > Vitamins & Supplements > Minerals,Zinc,gid://shopify/TaxonomyCategory/hb-1-9-6-6-5,Zinc,mineral-ZINC,alta,no
9624199102785,zinc-caps-de-alta-potencia-50mg-de-life-extension-apoyo-cardiovascular-y-del-sistema-inmune-90-capsulas-vegetarianas,Zinc Caps de alta potencia 50mg de Life Extensión | Apoyo Cardiovascular y del Sistema Inmune | 90 cápsulas vegetarianas,OLSEGO GROUP,ACTIVE,+18 Años | Adultos | descuento-10 | duracion 90 | Indiferente | Life Extension | Minerales | PRO | Sin azúcar | Sin gluten | Sin lactosa | Sistema cardiovascular | Sistema inmunitario | Vegano | Vegetariano | zinc,,Uncategorized,Zinc,gid://shopify/TaxonomyCategory/hb-1-9-6-6-5,Zinc,mineral-ZINC,alta,no
9645216399681,zinc-ionico-liquido-50mg-de-trace-minerals-refuerza-el-sistema-inmunologico-es-esencial-para-el-crecimiento-y-desarrollo-fisico-favoreciendo-la-cicatrizacion-de-heridas-59ml,"Zinc Iónico Líquido 50mg de Trace Minerals | Refuerza el sistema inmunológico, es esencial para el crecimiento y desarrollo físico, favoreciendo la cicatrización de heridas | 59ml",Vitaminate,ACTIVE,+18 Años | Adultos | Cloruro de Magnesio | duracion 47 | Indiferente | Minerales | Sin azúcar | Sin gluten | Sin lactosa | Sistema inmunitario | Trace Minerals | Vegetariano | zinc,,Uncategorized,Zinc,gid://shopify/TaxonomyCategory/hb-1-9-6-6-5,Zinc,mineral-ZINC,alta,no
9651474661697,zinc-500mg-de-flow-supplement-apoyo-de-la-funcion-cardiovascular-y-del-sistema-inmune-60-capsulas-vegetales,ZINC 500mg de Flow Supplement | Apoyo de la función cardiovascular y del sistema inmune | 60 cápsulas vegetales,Flow Supplements,ACTIVE,+18 Años | Adultos | descuento-15 | duracion 60 | Flow Supplement | Indiferente | Keto | Minerales | PRO | Sin azúcar | Sin gluten | Sistema cardiovascular | Sistema inmunitario | vitadeals | zinc,,Uncategorized,Zinc,gid://shopify/TaxonomyCategory/hb-1-9-6-6-5,Zinc,mineral-ZINC,alta,no
9662998970689,zinc-suplemento-alimentario-salud-cardiovascular-sistema-inmune,Z Blend B Life Zinc Colágeno e Hidrolizado y Vitamina C | 200 cápsulas,Blife,ACTIVE,+18 Años | Adultos | B-Life | colageno | Colágeno Hidrolizado | descuento-15 | duracion 100 | Indiferente | Minerales | Sin azúcar | Sin gluten | Sin lactosa | Sistema cardiovascular | Sistema inmunitario | vitadeals | Vitamina C | Zinc,,Uncategorized,Colágeno,gid://shopify/TaxonomyCategory/hb-1-9-6-2,Collagen,colageno,alta,no
9664841515329,zinc-vitamina-b1-y-b6-250mg-de-5h8-nutrition-zn-20-refuerza-el-sistema-inmune-la-piel-energia-120-capsulas-vegetales,"Zinc, Vitamina B1 y B6 250mg de 5H8 Nutrition ZN 20 | Refuerza el Sistema Inmune, la Piel - Energía | 120 Cápsulas",5H8 Nutrition,ACTIVE,+18 Años | 5H8 Nutrition | Adultos | descuento-10 | duracion 120 | Indiferente | Minerales | Potenciar la energía | Sin azúcar | Sin gluten | Sin lactosa | Sistema inmunitario | Vegano | vitadeals | Vitamina B1 (Tiamina) | Vitamina B6 (Piridoxina) | zinc,,Uncategorized,Zinc,gid://shopify/TaxonomyCategory/hb-1-9-6-6-5,Zinc,combo-1+1 (ZINC/VIT_B),media,si
9692182479169,zarzaparrilla-hierba-500mg-de-adapto-heal-bienestar-digestivo-y-urinaria-150-capsulas-vegetales,Zarzaparrilla 500 mg Adaptoheal | Bienestar Digestivo y Urinaria | 150 Cápsulas Vegetales,AdaptoHeal,ACTIVE,+18 Años | AdaptoHeal | Adultos | Hierbas | Indiferente | Salud digestiva | Salud urinaria | Sin azúcar | Sin gluten | Sin lactosa | Suplementos herbales | Vegetariano | vitadeals | Zarzaparrilla,,Uncategorized,,gid://shopify/TaxonomyCategory/hb-1-9-6,Vitamins & Supplements,sin-senal,baja,si
9726795809089,zinc-ionico-liquido-3mg-de-mary-ruths-refuerza-el-sistema-inmunologico-esencial-para-el-crecimiento-y-desarrollo-fisico-gotero-de-120ml-sabor-fresa-limon,"Zinc Iónico Líquido 3mg de Mary Ruth's |  Refuerza el sistema inmunológico, esencial para el crecimiento y desarrollo físico | Gotero de 120ml Sabor Fresa Limón",Vitaminate,ACTIVE,+18 Años | Adultos | Cloruro de Magnesio | descuento-10 | duracion 40 | Indiferente | MaryRuth's | Minerales | Sin azúcar | Sin gluten | Sin lactosa | Sistema inmunitario | Trace Minerals | Vegano | Vegetariano | zinc,,Uncategorized,Zinc,gid://shopify/TaxonomyCategory/hb-1-9-6-6-5,Zinc,mineral-ZINC,alta,no
9726817763649,zinc-liposomal-mora-azul-18mg-vitamina-e-de-mary-ruths-fortalece-el-sistema-inmune-liquido-de-450ml-sabor-arandano-30-servicios,"Zinc Liposomal Mora Azul 18mg + Vitamina E de Mary Ruth's | Fortalece el Sistema Inmune | Líquido de 450ml - Sabor Arándano, 30 servicios",Vitaminate,ACTIVE,+18 Años | Adultos | Cloruro de Magnesio | Cuidado del cabello | descuento-10 | duracion 30 | Indiferente | MaryRuth's | Minerales | piel y uñas | Sin azúcar | Sin gluten | Sin lactosa | Sistema inmunitario | Trace Minerals | Vegano | Vegetariano | zinc,,Uncategorized,Zinc,gid://shopify/TaxonomyCategory/hb-1-9-6-6-5,Zinc,combo-1+1 (ZINC/VIT_E),media,si
9732242899265,zinc-ionico-organico-3mg-para-ninos-de-mary-ruths-apoya-el-crecimiento-y-desarrollo-saludable-gotero-de-60ml-sabor-a-baya-30-servicios,Zinc Iónico Orgánico 3mg Para Niños de Mary Ruth's | Apoya el crecimiento y desarrollo saludable | Gotero de 60ml Sabor a Baya - 30 servicios,Vitaminate,ACTIVE,0 a 3 Años | Cuidado del cabello | descuento-15 | duracion 30 | Indiferente | MaryRuth's | Minerales | Niños | piel y uñas | Salud cognitiva | Sin azúcar | Sin gluten | Sin lactosa | Sistema inmunitario | Vegano,,Uncategorized,Zinc,gid://shopify/TaxonomyCategory/hb-1-9-6-6-5,Zinc,mineral-ZINC,alta,no
9769379168577,z-max-quelato-de-aminoacido-de-zinc-de-kal-sistema-inmunologico-bienestar-de-la-piel-equilibrio-hormonal-antioxidante-100-tabletas,"Z Max Quelato de Aminoácido de Zinc de KAL | Sistema inmunológico, Bienestar de la piel, Equilibrio hormonal, Antioxidante | 100 tabletas",Fresh Vitamins,ACTIVE,descuento-20 | duracion 30,,Uncategorized,Zinc,gid://shopify/TaxonomyCategory/hb-1-9-6-6-5,Zinc,mineral-ZINC,alta,no
9797163483457,zinc-polen-de-abeja-y-extracto-de-baya-saw-palmetto-con-vitaminas-y-minerales-de-michaels-health-apoyo-de-la-funcion-prostatica-en-hombres-y-el-sistema-urinario-60-tabletas-vegetarianas,"Zinc, Polen de Abeja y Extracto de baya Saw Palmetto con Vitaminas y Minerales de Michael's Health | Apoyo de la función prostática en hombres y el sistema urinario | 60 tabletas vegetarianas",Vitaminate,ACTIVE,descuento-10,,Uncategorized,Zinc,gid://shopify/TaxonomyCategory/hb-1-9-6-6-5,Zinc,mineral-ZINC,alta,no
9884874047809,zerodol-palmitoiletanolamida-500-mg-ivb-wellness-lab-60-capsulas,ZeroDol Palmitoiletanolamida 500 mg | IVB Wellness Lab | Bienestar articular y muscular | 60 Cápsulas,OLSEGO GROUP,ACTIVE,duracion 60 | PRO | vitadeals,,Uncategorized,,gid://shopify/TaxonomyCategory/hb-1-9-6,Vitamins & Supplements,sin-senal,baja,si
9935922266433,probioticos-200-billones-ufc-digestion-e-inmunidad-200-capsulas,Probióticos 200 Billones UFC Eternal Nutrition | Digestión e Inmunidad | 200 cápsulas,Eternal,ACTIVE,duracion 100,,Uncategorized,Probióticos,gid://shopify/TaxonomyCategory/hb-1-9-6-4-5,Probiotics,probiotico,alta,no
9937572168001,vitamina-k2-d3-infinity-eternal-bienestar-oseo-y-cardiovascular-300-capsulas,Vitamina K2 D3 Infinity Eternal |  Bienestar óseo y cardiovascular | 300 cápsulas,Eternal,ACTIVE,duracion 300,,Uncategorized,Multivitamínicos,gid://shopify/TaxonomyCategory/hb-1-9-6-7,Multivitamin Supplements,multi-vitamina-VIT_D+VIT_K,alta,no
9974144500033,zinc-y-vitamina-c-de-vitamin-code-raw-garden-of-life-60-capsulas,Zinc y Vitamina C Vitamin Code Raw de Garden of Life | Antioxidantes Naturales | 60 cápsulas,Vitaminate,ACTIVE,duracion 30 | Vitamina C,,Uncategorized,Zinc,gid://shopify/TaxonomyCategory/hb-1-9-6-6-5,Zinc,combo-1+1 (ZINC/VIT_C),media,si
9982185406785,zinc-20-mg-natsa-contribuye-al-funcionamiento-del-sistema-inmune-100-tabletas,Zinc 20 mg Natsa | Contribuye al funcionamiento del sistema inmune | 100 tabletas,Natsa,ACTIVE,duracion 50,,Uncategorized,Zinc,gid://shopify/TaxonomyCategory/hb-1-9-6-6-5,Zinc,mineral-ZINC,alta,no
9992065253697,nicotinamida-ribosido-trans-resveratrol-espermidina-fisetina-quercetina-y-magnesio-agenix-de-cellx-60-capsulas,"| Agenix de Cellx |NMN, Resveratrol, Magnesio, Selenio, Espermidina, Quecetina, Fisetina, TrueBroc® y Biopetine®  60 Cápsulas",Cellx,ACTIVE,duracion 30 | vitadeals,,Uncategorized,Otros minerales y multiminerales,gid://shopify/TaxonomyCategory/hb-1-9-6-6-4,Multimineral Supplements,multi-mineral-MAGNESIUM+OTHER,alta,no
9992069284161,quercetina-curcuma-y-bioperina-apigenina-de-cellx-60-capsulas,"| Apigenina de CellX  | Apigenina, Quercetina, Cúrcuma y Bioperine® | 60 cápsulas",Cellx,ACTIVE,duracion 30 | vitadeals,,Uncategorized,Antioxidantes,gid://shopify/TaxonomyCategory/hb-1-9-6,Vitamins & Supplements,antioxidante,media,si
9992071741761,coq10-liposomal-ala-vitamina-c-fosfatidilcolina-magtein®-pqq-astaxantina-ribosa-bioperine®-coq10-de-cellx-30-capsulas,"| CoQ10 de Cellx |Coenzima Q10 (CoQ10) Liposomal, ALA, Vitamina C, Fosfatidilcolina, Magtein®, PQQ, Astaxantina, Ribosa, Bioperine®  30 Cápsulas",Cellx,ACTIVE,duracion 30 | vitadeals,,Uncategorized,CoQ10 y energía celular,gid://shopify/TaxonomyCategory/hb-1-9-6-9-1,CoQ10,coq10,alta,no
9992072888641,myo-inositol-con-d-chiro-inositol-40-1-dihidrberberina-glucovantage®-acido-r-lipoico-metilfolato-quatrefolic®-bisglicinato-de-magnesio-albion-elara,"| Elara de CellX | Myo Inositol con D-Chiro Inositol 40:1, Dihidrberberina GlucoVantage®, Ácido R Lipoico , Metilfolato Quatrefolic®, Bisglicinato de Magnesio Albion  120 Cápsulas",Cellx,ACTIVE,duracion 60 | vitadeals,,Uncategorized,Magnesio,gid://shopify/TaxonomyCategory/hb-1-9-6-6-3,Magnesium,mineral-MAGNESIUM,alta,no
9992073380161,espermidina-espermidina-resveratrol-y-taurina-60-capsulas,"| Espermidina de CellX |Espermidina, Resveratrol y Taurina 60 Cápsulas",Cellx,ACTIVE,duracion 30 | vitadeals,,Uncategorized,Aminoácidos y BCAA,gid://shopify/TaxonomyCategory/hb-1-9-6-1-2,Single Amino Acid Supplements,aminoacido-individual,alta,no
9992076034369,fisetina-coq10-liposomal-resveratrol-quercetina-ala-extracto-de-broccoli-espermidina-y-astragin®-fisetina-de-cellx-60-capsulas,"| Fisetina de Cellx | Fisetina, CoQ10 Liposomal, Resveratrol, Quercetina, ALA, Extracto de Broccoli, Espermidina y AstraGin®  60 Cápsulas",Cellx,ACTIVE,duracion 30 | vitadeals,,Uncategorized,CoQ10 y energía celular,gid://shopify/TaxonomyCategory/hb-1-9-6-9-1,CoQ10,coq10,alta,no
9992078033217,peptidos-de-colageno-nextidatm-gc-y-astragin®-glucoshield-de-cellx,| GlucoShield de CellX |Peptidos de Colágeno NextidaTM GC y AstraGin®  30 Sobres,Cellx,ACTIVE,duracion 30 | vitadeals,,Uncategorized,Colágeno,gid://shopify/TaxonomyCategory/hb-1-9-6-2,Collagen,colageno,alta,no
9992083538241,dihidroberberina-glucovantage®-acido-r-lipoico-cinsulin®-cromo-glucotrim-de-cellx-60-capsulas,"| GlucoTrim de CellX |  Dihidroberberina GlucoVantage®, Ácido R Lipoico, CinSulin®, Cromo 60 Cápsulas",Cellx,ACTIVE,duracion 30 | vitadeals,,Health & Beauty > Health Care > Fitness & Nutrition > Vitamins & Supplements > Herbal Supplements,Otros minerales y multiminerales,gid://shopify/TaxonomyCategory/hb-1-9-6-6,Minerals,mineral-otro,media,si
9992090878273,usplus®-derm-cynatine®-hns-ferrochel®-living-silica-cobre-traacs®-nac-l-selenometionina-msm-vitamina-b3-y-c-biotina-inositol-bitartrato-de-colina-keradence-de-cellx-90-capsulas,"| Keradence de CellX | USPlus® DERM, Cynatine® HNS, Ferrochel®, LIVING SILICA, Cobre TRAACS®, NAC, L-Selenometionina, MSM, Vitamina B3 y C, Biotina, Inositol, Bitartrato de Colina 90 Cápsulas",Cellx,ACTIVE,duracion 30 | vitadeals,,Health & Beauty > Health Care > Fitness & Nutrition > Vitamins & Supplements > Herbal Supplements,Otros minerales y multiminerales,gid://shopify/TaxonomyCategory/hb-1-9-6-6,Minerals,combo-1+1 (OTHER/VIT_B),media,si
9992300200257,bcaas-zinc-magnesio-glutamina-l-carnitina-bitartrato-beta-alanina-tmg-y-astragin-post-workout-berries-300-gr,"| Post Workout de Cellx | BCAAS, Zinc, Magnesio, Glutamina, L-Carnitina Bitartrato, Beta Alanina, TMG y AstraGin  300 gr",Cellx,ACTIVE,duracion 30 | vitadeals,,Uncategorized,Otros minerales y multiminerales,gid://shopify/TaxonomyCategory/hb-1-9-6-6-4,Multimineral Supplements,multi-mineral-MAGNESIUM+ZINC,alta,no
9995653153089,gamephyt™-l-teanina-n-acetil-l-tirosina-dynamine™-macu-lz™-huperzina-a-astaxantina-alpha-gpc-geniuspure®-rhodiola-ginkgo-biloba-100-1-cafeina-anhidra-b6-y-b12-power-up-de-cellx-90-capsulas,"| Power Up de Cellx | GamePhyt™ , L-Teanina, N-Acetil L-Tirosina, Dynamine™, Macu-LZ™ , Huperzina A, Astaxantina, Alpha GPC GeniusPure®, Rhodiola, Ginkgo Biloba 100:1, Cafeina Anhidra, B6 y B12  90 Cápsulas",Cellx,ACTIVE,duracion 30 | vitadeals,,Uncategorized,Aminoácidos y BCAA,gid://shopify/TaxonomyCategory/hb-1-9-6-1-2,Single Amino Acid Supplements,aminoacido-antes-que-VIT_B,media,si
9995654791489,dileucina-dl185®-proleucin®-de-cellx-30-capsulas,| Proleucin® de Cellx | Dileucina DL185® | Recuperación muscular |  45 Cápsulas,Cellx,ACTIVE,duracion 30 | vitadeals,,Uncategorized,,gid://shopify/TaxonomyCategory/hb-1-9-6,Vitamins & Supplements,sin-senal,baja,si
9995656003905,quercetina-bromelina-vitamina-c-y-bioperine®-quercetina-de-cellx-60-capsulas,"| Quercetina de Cellx | Quercetina, Bromelina, Vitamina C y Bioperine® 60 Cápsulas",Cellx,ACTIVE,duracion 30 | vitadeals,,Uncategorized,Enzimas digestivas,gid://shopify/TaxonomyCategory/hb-1-9-6-4-3,Digestive Enzymes,enzimas,alta,no
9995656331585,trans-resveratrol-egcg-pteroestilbeno-quercetina-y-bioperine®-resveratrol-de-cellx-60-capsulas,"| Resveratrol de Cellx |Trans-Resveratrol, EGCG, Pteroestilbeno, Quercetina y Bioperine® | 60 Cápsulas",Cellx,ACTIVE,duracion 30 | vitadeals,,Health & Beauty > Health Care > Fitness & Nutrition > Vitamins & Supplements > Herbal Supplements,"Longevidad: NAD+, NMN y resveratrol",gid://shopify/TaxonomyCategory/hb-1-9-6,Vitamins & Supplements,longevidad,media,si
9995656855873,tmg-quatrefolic®-betaina-hci-nac-vitamina-b6-y-b12-tmg-de-cellx-60-capsulas,"| FolateActive de Cellx | TMG, Quatrefolic®, Betaina HCI, NAC, Vitamina B6 y B12 | 60 Cápsulas",Cellx,ACTIVE,duracion 30 | vitadeals,,Uncategorized,Aminoácidos y BCAA,gid://shopify/TaxonomyCategory/hb-1-9-6-1-2,Single Amino Acid Supplements,aminoacido-antes-que-VIT_B,media,si
9995657806145,dihidroberberina-glucovantage®-ala-nmn-truebroc®-trans-reveratrol-quercetina-glutation-nac-fisetina-coq10-fucoidan-espermidina-pqq-astaxantina-l-seleniometionina-vitamina-c-e-d3-y-k2-vitaage-de-cellx,"| VitaAge de Cellx | Dihidroberberina GlucoVantage®, ALA, NMN, TrueBroc®, Trans-Reveratrol, Quercetina, Glutation, NAC, Fisetina, CoQ10, Fucoidan, Espermidina, PQQ, Astaxantina, L-Seleniometionina, Vitamina C, E, D3 y K2 90 Cápsulas",Cellx,ACTIVE,duracion 30 | vitadeals,,Uncategorized,Multivitamínicos,gid://shopify/TaxonomyCategory/hb-1-9-6-7,Multivitamin Supplements,combo-0min-3vit,media,si
9999947759937,zinc-infantil-organico-liquido-2-fl-oz-60ml-mary-ruth-s,Zinc Iónico Orgánico Líquido para Infantes| Apoyo Inmune | 60 ml,Vitaminate,ACTIVE,duracion 30,,Uncategorized,Zinc,gid://shopify/TaxonomyCategory/hb-1-9-6-6-5,Zinc,mineral-ZINC,alta,no
9999948218689,zinc-iinico-liquido-4-fl-oz-120ml-mary-ruth-s,"Zinc Iónico Orgánico Líquido, MaryRuth’s| Energía celular y regeneración | 120 ml",Vitaminate,ACTIVE,duracion 60,,Uncategorized,Zinc,gid://shopify/TaxonomyCategory/hb-1-9-6-6-5,Zinc,mineral-ZINC,alta,no
10090616062273,zinc-20-mg-superlabs-apoyo-inmunologico-100-capsulas,Zinc 20 mg Superlabs | Apoyo inmunológico | 100 Cápsulas,Superlabs,ACTIVE,,,Health & Beauty > Health Care > Fitness & Nutrition > Vitamins & Supplements > Minerals,Zinc,gid://shopify/TaxonomyCategory/hb-1-9-6-6-5,Zinc,mineral-ZINC,alta,no
10236777595201,zincox-bisglicinato-de-zinc-matter-apoyo-inmune-60-capsulas,Zincox Bisglicinato de Zinc Matter | Apoyo Inmune | 60 cápsulas,You Matter,ACTIVE,,,Health & Beauty > Health Care > Fitness & Nutrition > Vitamins & Supplements > Minerals > Zinc,Zinc,gid://shopify/TaxonomyCategory/hb-1-9-6-6-5,Zinc,mineral-ZINC,alta,no
10238541037889,zinc-pepcil-gi-matter-capsulas-digestion-y-mucosa,"Zinc Pepcil GI de Matter | Bienestar digestivo, favorece la mucosa gástrica | 60 cápsulas",You Matter,ACTIVE,PRO,,Health & Beauty > Health Care > Fitness & Nutrition > Vitamins & Supplements > Digestive Supplements,Zinc,gid://shopify/TaxonomyCategory/hb-1-9-6-6-5,Zinc,mineral-ZINC,alta,no
10277076336961,zinc-l-carnosina-pepzin-gi-doctors-best-renovacion-celular-bienestar-digestivo-120-capsulas,"Zinc L-Carnosina PepZin GI Doctor's Best | Renovación celular, bienestar digestivo | 120 Cápsulas vegetales",OLSEGO GROUP,ACTIVE,,,Health & Beauty > Health Care > Fitness & Nutrition > Vitamins & Supplements > Digestive Supplements,Zinc,gid://shopify/TaxonomyCategory/hb-1-9-6-6-5,Zinc,mineral-ZINC,alta,no
10369381138753,prenat-core-cellx-femme-multivitaminico-prenatal-metilfolato-y-minerales-quelados-90-capsulas,Prenat Core CellX Femme Multivitamínico Prenatal Metilfolato y Minerales Quelados | 90 cápsulas,Cellx,ACTIVE,nuevo,,Health & Beauty > Health Care > Fitness & Nutrition > Vitamins & Supplements > Multivitamin Supplements,Multivitamínicos,gid://shopify/TaxonomyCategory/hb-1-9-6-7,Multivitamin Supplements,multivitaminico-explicito,alta,no
